accX,accY,accZ,time,microseconds
-6280,5070,-1351,"2022-04-13 10:22:45",0
-6289,5068,-1352,"2022-04-13 10:22:45",993
-6304,5071,-1361,"2022-04-13 10:22:45",1986
-6290,5119,-1,"2022-04-13 10:22:45",2979
-6288,5070,-1358,"2022-04-13 10:22:45",3972
-6314,5037,-1378,"2022-04-13 10:22:45",4965
-6314,5037,-1378,"2022-04-13 10:22:45",5958
-6298,5052,-1368,"2022-04-13 10:22:45",6951
-6298,5052,-1368,"2022-04-13 10:22:45",7944
-6298,5052,-1368,"2022-04-13 10:22:45",8937
-6301,5041,-1379,"2022-04-13 10:22:45",9930
-6308,5055,-1412,"2022-04-13 10:22:45",10923
-6308,5055,-1412,"2022-04-13 10:22:45",11916
-6247,5085,-1342,"2022-04-13 10:22:45",12909
-6246,5084,-1365,"2022-04-13 10:22:45",13902
-6281,5095,-1361,"2022-04-13 10:22:45",14895
-6294,5070,-1344,"2022-04-13 10:22:45",15888
-6303,5051,-1375,"2022-04-13 10:22:45",16881
-6330,5020,-1360,"2022-04-13 10:22:45",17874
-6352,10239,-1,"2022-04-13 10:22:45",18867
-6321,5054,-1344,"2022-04-13 10:22:45",19860
-6320,5053,-1368,"2022-04-13 10:22:45",20853
-6295,5065,-1,"2022-04-13 10:22:45",21846
-6282,5064,-1369,"2022-04-13 10:22:45",22839
-6278,5054,-1384,"2022-04-13 10:22:45",23832
-6254,5076,-1372,"2022-04-13 10:22:45",24825
-6273,5060,-2561,"2022-04-13 10:22:45",25818
-6288,5041,-1376,"2022-04-13 10:22:45",26811
-6288,5041,-1376,"2022-04-13 10:22:45",27804
-6252,5038,-1339,"2022-04-13 10:22:45",28797
-6268,5047,-1341,"2022-04-13 10:22:45",29790
-6251,5076,-1346,"2022-04-13 10:22:45",30783
-6251,5076,-1346,"2022-04-13 10:22:45",31776
-6308,4989,-1355,"2022-04-13 10:22:45",32769
-6318,5006,-1356,"2022-04-13 10:22:45",33762
-6300,5018,-1382,"2022-04-13 10:22:45",34755
-6272,5010,-1396,"2022-04-13 10:22:45",35748
-6272,5005,-1377,"2022-04-13 10:22:45",36741
-6296,5016,-1390,"2022-04-13 10:22:45",37734
-6268,5020,-1382,"2022-04-13 10:22:45",38727
-6273,5030,-1380,"2022-04-13 10:22:45",39720
-6271,5033,-1390,"2022-04-13 10:22:45",40713
-6247,-1,-1,"2022-04-13 10:22:45",41706
-6242,4095,-1,"2022-04-13 10:22:45",42699
-6258,5044,-1382,"2022-04-13 10:22:45",43692
-6271,5022,-1390,"2022-04-13 10:22:45",44685
-6264,5014,-1372,"2022-04-13 10:22:45",45678
-6273,5021,-1370,"2022-04-13 10:22:45",46671
-4097,-1,-1,"2022-04-13 10:22:45",47664
-6277,5017,-1383,"2022-04-13 10:22:45",48657
-6272,5014,-1364,"2022-04-13 10:22:45",49650
-6273,5021,-1380,"2022-04-13 10:22:45",50643
-6261,5022,-1395,"2022-04-13 10:22:45",51636
-6270,5119,-1,"2022-04-13 10:22:45",52629
-6269,5004,-1386,"2022-04-13 10:22:45",53622
-6282,5019,-1,"2022-04-13 10:22:45",54615
-6288,4991,-1,"2022-04-13 10:22:45",55608
-6272,5027,-1375,"2022-04-13 10:22:45",56601
-6278,5014,-1386,"2022-04-13 10:22:45",57594
-6285,5030,-1364,"2022-04-13 10:22:45",58587
-6295,5034,-1382,"2022-04-13 10:22:45",59580
-6298,5064,-1370,"2022-04-13 10:22:45",60573
-6297,5037,-1372,"2022-04-13 10:22:45",61566
-6297,5021,-1364,"2022-04-13 10:22:45",62559
-6294,5033,-1376,"2022-04-13 10:22:45",63552
-6300,5040,-1368,"2022-04-13 10:22:45",64545
-6298,5026,-1370,"2022-04-13 10:22:45",65538
-6293,5034,-1350,"2022-04-13 10:22:45",66531
-6300,5016,-1368,"2022-04-13 10:22:45",67524
-6314,4993,-1379,"2022-04-13 10:22:45",68517
-6327,5015,-1356,"2022-04-13 10:22:45",69510
-6298,5038,-1374,"2022-04-13 10:22:45",70503
-6308,5038,-1351,"2022-04-13 10:22:45",71496
-6338,5044,-1374,"2022-04-13 10:22:45",72489
-6313,5028,-1394,"2022-04-13 10:22:45",73482
-6294,5050,-1365,"2022-04-13 10:22:45",74475
-6336,5044,-1390,"2022-04-13 10:22:45",75468
-6315,5055,-1391,"2022-04-13 10:22:45",76461
-6314,5018,-1422,"2022-04-13 10:22:45",77454
-6325,5029,-1359,"2022-04-13 10:22:45",78447
-6324,5022,-1350,"2022-04-13 10:22:45",79440
-6323,5051,-1363,"2022-04-13 10:22:45",80433
-6343,5063,-1352,"2022-04-13 10:22:45",81426
-6340,5058,-1380,"2022-04-13 10:22:45",82419
-6322,5042,-1350,"2022-04-13 10:22:45",83412
-6336,5045,-1364,"2022-04-13 10:22:45",84405
-6343,5041,-1367,"2022-04-13 10:22:45",85398
-6329,5052,-1366,"2022-04-13 10:22:45",86391
-6355,5048,-1376,"2022-04-13 10:22:45",87384
-6330,5027,-1368,"2022-04-13 10:22:45",88377
-6340,5030,-1382,"2022-04-13 10:22:45",89370
-6351,5050,-1381,"2022-04-13 10:22:45",90363
-6348,5038,-1376,"2022-04-13 10:22:45",91356
-6336,5056,-1362,"2022-04-13 10:22:45",92349
-6350,5038,-1363,"2022-04-13 10:22:45",93342
-6336,5054,-1376,"2022-04-13 10:22:45",94335
-6362,5054,-1389,"2022-04-13 10:22:45",95328
-6340,5067,-1393,"2022-04-13 10:22:45",96321
-6346,5072,-1401,"2022-04-13 10:22:45",97314
-6343,5067,-1374,"2022-04-13 10:22:45",98307
-6321,5050,-1378,"2022-04-13 10:22:45",99300
-6340,5050,-1397,"2022-04-13 10:22:45",100293
-6330,5038,-1388,"2022-04-13 10:22:45",101286
-6326,5026,-1385,"2022-04-13 10:22:45",102279
-6318,5051,-1378,"2022-04-13 10:22:45",103272
-6320,5054,-1380,"2022-04-13 10:22:45",104265
-6320,5051,-1389,"2022-04-13 10:22:45",105258
-6320,5047,-1390,"2022-04-13 10:22:45",106251
-6314,5041,-1375,"2022-04-13 10:22:45",107244
-6329,5036,-1368,"2022-04-13 10:22:45",108237
-6302,5050,-1422,"2022-04-13 10:22:45",109230
-6308,5067,-1389,"2022-04-13 10:22:45",110223
-6299,5052,-1364,"2022-04-13 10:22:45",111216
-6300,5032,-1392,"2022-04-13 10:22:45",112209
-6308,5036,-1390,"2022-04-13 10:22:45",113202
-6305,5066,-1414,"2022-04-13 10:22:45",114195
-6298,5054,-1397,"2022-04-13 10:22:45",115188
-6312,5046,-1368,"2022-04-13 10:22:45",116181
-6310,5068,-1383,"2022-04-13 10:22:45",117174
-6306,5049,-1399,"2022-04-13 10:22:45",118167
-6298,5031,-1380,"2022-04-13 10:22:45",119160
-6291,5046,-1384,"2022-04-13 10:22:45",120153
-6294,5048,-1396,"2022-04-13 10:22:45",121146
-6307,5020,-1397,"2022-04-13 10:22:45",122139
-6296,5039,-1391,"2022-04-13 10:22:45",123132
-6268,5024,-1368,"2022-04-13 10:22:45",124125
-6299,5054,-1369,"2022-04-13 10:22:45",125118
-6298,5062,-1360,"2022-04-13 10:22:45",126111
-6285,5055,-1382,"2022-04-13 10:22:45",127104
-6280,5058,-1379,"2022-04-13 10:22:45",128097
-6301,5063,-1389,"2022-04-13 10:22:45",129090
-6265,5063,-1374,"2022-04-13 10:22:45",130083
-6267,5052,-1372,"2022-04-13 10:22:45",131076
-6259,5059,-1374,"2022-04-13 10:22:45",132069
-6276,5059,-1371,"2022-04-13 10:22:45",133062
-6284,5063,-1372,"2022-04-13 10:22:45",134055
-6280,5059,-1390,"2022-04-13 10:22:45",135048
-6272,5068,-1390,"2022-04-13 10:22:45",136041
-6275,5063,-1369,"2022-04-13 10:22:45",137034
-6280,5055,-1365,"2022-04-13 10:22:45",138027
-6285,5065,-1395,"2022-04-13 10:22:45",139020
-6282,5044,-1390,"2022-04-13 10:22:45",140013
-6271,5034,-1397,"2022-04-13 10:22:45",141006
-6264,5033,-1382,"2022-04-13 10:22:45",141999
-6285,5040,-1373,"2022-04-13 10:22:45",142992
-6286,5060,-1380,"2022-04-13 10:22:45",143985
-6261,5051,-1388,"2022-04-13 10:22:45",144978
-6279,5054,-1399,"2022-04-13 10:22:45",145971
-6289,5052,-1384,"2022-04-13 10:22:45",146964
-6288,5054,-1390,"2022-04-13 10:22:45",147957
-6287,5052,-1367,"2022-04-13 10:22:45",148950
-6300,5065,-1404,"2022-04-13 10:22:45",149943
-6272,5047,-1399,"2022-04-13 10:22:45",150936
-6289,5050,-1370,"2022-04-13 10:22:45",151929
-6288,5044,-1404,"2022-04-13 10:22:45",152922
-6272,5059,-1389,"2022-04-13 10:22:45",153915
-6294,5081,-1368,"2022-04-13 10:22:45",154908
-6303,5069,-1394,"2022-04-13 10:22:45",155901
-6286,5045,-1378,"2022-04-13 10:22:45",156894
-6275,5040,-1395,"2022-04-13 10:22:45",157887
-6311,5038,-1375,"2022-04-13 10:22:45",158880
-6308,5044,-1382,"2022-04-13 10:22:45",159873
-6308,5075,-1360,"2022-04-13 10:22:45",160866
-6318,5070,-1380,"2022-04-13 10:22:45",161859
-6308,5056,-1368,"2022-04-13 10:22:45",162852
-6298,5071,-1374,"2022-04-13 10:22:45",163845
-6308,5060,-1405,"2022-04-13 10:22:45",164838
-6289,5062,-1376,"2022-04-13 10:22:45",165831
-6319,5054,-1379,"2022-04-13 10:22:45",166824
-6333,5076,-1370,"2022-04-13 10:22:45",167817
-6312,5070,-1365,"2022-04-13 10:22:45",168810
-6304,5080,-1380,"2022-04-13 10:22:45",169803
-6306,5070,-1390,"2022-04-13 10:22:45",170796
-6303,5036,-1386,"2022-04-13 10:22:45",171789
-6299,5053,-1384,"2022-04-13 10:22:45",172782
-6316,5059,-1380,"2022-04-13 10:22:45",173775
-6303,5054,-1392,"2022-04-13 10:22:45",174768
-6314,5056,-1370,"2022-04-13 10:22:45",175761
-6310,5054,-1379,"2022-04-13 10:22:45",176754
-6302,5071,-1381,"2022-04-13 10:22:45",177747
-6317,5094,-1359,"2022-04-13 10:22:45",178740
-6310,5064,-1378,"2022-04-13 10:22:45",179733
-6308,5067,-1378,"2022-04-13 10:22:45",180726
-6298,5040,-1377,"2022-04-13 10:22:45",181719
-6303,5065,-1394,"2022-04-13 10:22:45",182712
-6312,5055,-1386,"2022-04-13 10:22:45",183705
-6304,5088,-1387,"2022-04-13 10:22:45",184698
-6304,5043,-1356,"2022-04-13 10:22:45",185691
-6297,5056,-1366,"2022-04-13 10:22:45",186684
-6302,5076,-1392,"2022-04-13 10:22:45",187677
-6298,5050,-1382,"2022-04-13 10:22:45",188670
-6307,5047,-1364,"2022-04-13 10:22:45",189663
-6303,5058,-1375,"2022-04-13 10:22:45",190656
-6302,5053,-1370,"2022-04-13 10:22:45",191649
-6305,5044,-1384,"2022-04-13 10:22:45",192642
-6296,5050,-1391,"2022-04-13 10:22:45",193635
-6294,5050,-1395,"2022-04-13 10:22:45",194628
-6278,5050,-1376,"2022-04-13 10:22:45",195621
-6282,5055,-1394,"2022-04-13 10:22:45",196614
-6291,5063,-1380,"2022-04-13 10:22:45",197607
-6288,5069,-1384,"2022-04-13 10:22:45",198600
-6315,5076,-1375,"2022-04-13 10:22:45",199593
-6297,5057,-1355,"2022-04-13 10:22:45",200586
-6278,5026,-1365,"2022-04-13 10:22:45",201579
-6288,5026,-1376,"2022-04-13 10:22:45",202572
-6296,5051,-1414,"2022-04-13 10:22:45",203565
-6286,5030,-1373,"2022-04-13 10:22:45",204558
-6288,5045,-1372,"2022-04-13 10:22:45",205551
-6257,5060,-1391,"2022-04-13 10:22:45",206544
-6279,5040,-1379,"2022-04-13 10:22:45",207537
-6288,5042,-1360,"2022-04-13 10:22:45",208530
-6274,5026,-1362,"2022-04-13 10:22:45",209523
-6278,5035,-1386,"2022-04-13 10:22:45",210516
-6283,5042,-1400,"2022-04-13 10:22:45",211509
-6269,5037,-1410,"2022-04-13 10:22:45",212502
-6268,5049,-1376,"2022-04-13 10:22:45",213495
-6252,5070,-1364,"2022-04-13 10:22:45",214488
-6264,5075,-1350,"2022-04-13 10:22:45",215481
-6262,5042,-1391,"2022-04-13 10:22:45",216474
-6272,5058,-1426,"2022-04-13 10:22:45",217467
-6252,5024,-1390,"2022-04-13 10:22:45",218460
-6270,5034,-1375,"2022-04-13 10:22:45",219453
-6278,5044,-1369,"2022-04-13 10:22:45",220446
-6282,5055,-1373,"2022-04-13 10:22:45",221439
-6264,5028,-1368,"2022-04-13 10:22:45",222432
-6286,5016,-1394,"2022-04-13 10:22:45",223425
-6269,5040,-1417,"2022-04-13 10:22:45",224418
-6301,5051,-1396,"2022-04-13 10:22:45",225411
-6285,5041,-1395,"2022-04-13 10:22:45",226404
-6268,5055,-1399,"2022-04-13 10:22:45",227397
-6294,5039,-1393,"2022-04-13 10:22:45",228390
-6269,5060,-1419,"2022-04-13 10:22:45",229383
-6278,5036,-1409,"2022-04-13 10:22:45",230376
-6267,5042,-1418,"2022-04-13 10:22:45",231369
-6264,5038,-1400,"2022-04-13 10:22:45",232362
-6293,5036,-1399,"2022-04-13 10:22:45",233355
-6278,5048,-1389,"2022-04-13 10:22:45",234348
-6278,5034,-1397,"2022-04-13 10:22:45",235341
-6272,5028,-1379,"2022-04-13 10:22:45",236334
-6265,5064,-1385,"2022-04-13 10:22:45",237327
-6286,5058,-1396,"2022-04-13 10:22:45",238320
-6241,5034,-1393,"2022-04-13 10:22:45",239313
-6246,5051,-1391,"2022-04-13 10:22:45",240306
-6268,5044,-1394,"2022-04-13 10:22:45",241299
-6286,5044,-1402,"2022-04-13 10:22:45",242292
-6293,5027,-1412,"2022-04-13 10:22:45",243285
-6288,5041,-1398,"2022-04-13 10:22:45",244278
-6285,5058,-1377,"2022-04-13 10:22:45",245271
-6278,5063,-1382,"2022-04-13 10:22:45",246264
-6296,5036,-1394,"2022-04-13 10:22:45",247257
-6293,5035,-1391,"2022-04-13 10:22:45",248250
-6301,5060,-1388,"2022-04-13 10:22:45",249243
-6270,5030,-1360,"2022-04-13 10:22:45",250236
-6296,5033,-1356,"2022-04-13 10:22:45",251229
-6295,5048,-1395,"2022-04-13 10:22:45",252222
-6288,5038,-1417,"2022-04-13 10:22:45",253215
-6314,5037,-1401,"2022-04-13 10:22:45",254208
-6290,5052,-1383,"2022-04-13 10:22:45",255201
-6280,5056,-1360,"2022-04-13 10:22:45",256194
-6290,5026,-1374,"2022-04-13 10:22:45",257187
-6288,5049,-1394,"2022-04-13 10:22:45",258180
-6299,5038,-1380,"2022-04-13 10:22:45",259173
-6294,5038,-1380,"2022-04-13 10:22:45",260166
-6296,5028,-1395,"2022-04-13 10:22:45",261159
-6325,5036,-1387,"2022-04-13 10:22:45",262152
-6306,5040,-1382,"2022-04-13 10:22:45",263145
-6296,5027,-1391,"2022-04-13 10:22:45",264138
-6284,5039,-1381,"2022-04-13 10:22:45",265131
-6305,5038,-1398,"2022-04-13 10:22:45",266124
-6297,5066,-1408,"2022-04-13 10:22:45",267117
-6300,5057,-1381,"2022-04-13 10:22:45",268110
-6316,5050,-1354,"2022-04-13 10:22:45",269103
-6324,5045,-1378,"2022-04-13 10:22:45",270096
-6333,5054,-1395,"2022-04-13 10:22:45",271089
-6308,5036,-1376,"2022-04-13 10:22:45",272082
-6307,5060,-1375,"2022-04-13 10:22:45",273075
-6306,5064,-1366,"2022-04-13 10:22:45",274068
-6307,5083,-1372,"2022-04-13 10:22:45",275061
-6278,5078,-1376,"2022-04-13 10:22:45",276054
-6285,5059,-1385,"2022-04-13 10:22:45",277047
-6294,5089,-1394,"2022-04-13 10:22:45",278040
-6321,5046,-1375,"2022-04-13 10:22:45",279033
-6320,5056,-1376,"2022-04-13 10:22:45",280026
-6323,5059,-1370,"2022-04-13 10:22:45",281019
-6312,5040,-1354,"2022-04-13 10:22:45",282012
-6313,5059,-1375,"2022-04-13 10:22:45",283005
-6298,5056,-1400,"2022-04-13 10:22:45",283998
-6304,5044,-1380,"2022-04-13 10:22:45",284991
-6293,5064,-1398,"2022-04-13 10:22:45",285984
-6299,5039,-1384,"2022-04-13 10:22:45",286977
-6298,5062,-1362,"2022-04-13 10:22:45",287970
-6326,5050,-1372,"2022-04-13 10:22:45",288963
-6308,5054,-1378,"2022-04-13 10:22:45",289956
-6335,5047,-1386,"2022-04-13 10:22:45",290949
-6291,5059,-1375,"2022-04-13 10:22:45",291942
-6290,5045,-1387,"2022-04-13 10:22:45",292935
-6289,5044,-1380,"2022-04-13 10:22:45",293928
-6308,5054,-1381,"2022-04-13 10:22:45",294921
-6310,5073,-1391,"2022-04-13 10:22:45",295914
-6308,5058,-1374,"2022-04-13 10:22:45",296907
-6295,5062,-1374,"2022-04-13 10:22:45",297900
-6298,5051,-1366,"2022-04-13 10:22:45",298893
-6306,5054,-1366,"2022-04-13 10:22:45",299886
-6327,5038,-1375,"2022-04-13 10:22:45",300879
-6325,5036,-1382,"2022-04-13 10:22:45",301872
-6302,5050,-1398,"2022-04-13 10:22:45",302865
-6321,5064,-1369,"2022-04-13 10:22:45",303858
-6290,5064,-1374,"2022-04-13 10:22:45",304851
-6283,5092,-1384,"2022-04-13 10:22:45",305844
-6308,5078,-1380,"2022-04-13 10:22:45",306837
-6288,5055,-1373,"2022-04-13 10:22:45",307830
-6310,5067,-1386,"2022-04-13 10:22:45",308823
-6288,5044,-1390,"2022-04-13 10:22:45",309816
-6282,5062,-1381,"2022-04-13 10:22:45",310809
-6308,5062,-1390,"2022-04-13 10:22:45",311802
-6308,5044,-1396,"2022-04-13 10:22:45",312795
-6296,5016,-1376,"2022-04-13 10:22:45",313788
-6323,5059,-1371,"2022-04-13 10:22:45",314781
-6315,5074,-1373,"2022-04-13 10:22:45",315774
-6321,5073,-1373,"2022-04-13 10:22:45",316767
-6325,5057,-1358,"2022-04-13 10:22:45",317760
-6287,5063,-1386,"2022-04-13 10:22:45",318753
-6288,5052,-1399,"2022-04-13 10:22:45",319746
-6300,5054,-1403,"2022-04-13 10:22:45",320739
-6302,5044,-1359,"2022-04-13 10:22:45",321732
-6304,5046,-1381,"2022-04-13 10:22:45",322725
-6305,5042,-1384,"2022-04-13 10:22:45",323718
-6306,5042,-1383,"2022-04-13 10:22:45",324711
-6298,5044,-1400,"2022-04-13 10:22:45",325704
-6305,5052,-1389,"2022-04-13 10:22:45",326697
-6313,5059,-1375,"2022-04-13 10:22:45",327690
-6299,5054,-1363,"2022-04-13 10:22:45",328683
-6301,5046,-1350,"2022-04-13 10:22:45",329676
-6303,5041,-1370,"2022-04-13 10:22:45",330669
-6292,5049,-1375,"2022-04-13 10:22:45",331662
-6288,5059,-1387,"2022-04-13 10:22:45",332655
-6303,5032,-1373,"2022-04-13 10:22:45",333648
-6309,5039,-1374,"2022-04-13 10:22:45",334641
-6297,5020,-1370,"2022-04-13 10:22:45",335634
-6304,5037,-1359,"2022-04-13 10:22:45",336627
-6296,5052,-1384,"2022-04-13 10:22:45",337620
-6298,5053,-1396,"2022-04-13 10:22:45",338613
-6285,5064,-1415,"2022-04-13 10:22:45",339606
-6274,5076,-1422,"2022-04-13 10:22:45",340599
-6293,5036,-1392,"2022-04-13 10:22:45",341592
-6298,5045,-1366,"2022-04-13 10:22:45",342585
-6313,5053,-1380,"2022-04-13 10:22:45",343578
-6307,5024,-1382,"2022-04-13 10:22:45",344571
-6278,5044,-1382,"2022-04-13 10:22:45",345564
-6286,5085,-1366,"2022-04-13 10:22:45",346557
-6308,5069,-1375,"2022-04-13 10:22:45",347550
-6308,5053,-1375,"2022-04-13 10:22:45",348543
-6291,5056,-1384,"2022-04-13 10:22:45",349536
-6303,5070,-1383,"2022-04-13 10:22:45",350529
-6272,5049,-1390,"2022-04-13 10:22:45",351522
-6316,5043,-1380,"2022-04-13 10:22:45",352515
-6308,5058,-1370,"2022-04-13 10:22:45",353508
-6304,5056,-1361,"2022-04-13 10:22:45",354501
-6320,5038,-1394,"2022-04-13 10:22:45",355494
-6325,5043,-1386,"2022-04-13 10:22:45",356487
-6310,5042,-1394,"2022-04-13 10:22:45",357480
-6288,5045,-1370,"2022-04-13 10:22:45",358473
-6314,5036,-1385,"2022-04-13 10:22:45",359466
-6290,5034,-1372,"2022-04-13 10:22:45",360459
-6272,5058,-1368,"2022-04-13 10:22:45",361452
-6286,5036,-1352,"2022-04-13 10:22:45",362445
-6306,5031,-1369,"2022-04-13 10:22:45",363438
-6284,5028,-1382,"2022-04-13 10:22:45",364431
-6272,5034,-1382,"2022-04-13 10:22:45",365424
-6278,5059,-1374,"2022-04-13 10:22:45",366417
-6305,5054,-1384,"2022-04-13 10:22:45",367410
-6298,5030,-1369,"2022-04-13 10:22:45",368403
-6312,5037,-1386,"2022-04-13 10:22:45",369396
-6301,5055,-1395,"2022-04-13 10:22:45",370389
-6315,5060,-1390,"2022-04-13 10:22:45",371382
-6312,5060,-1401,"2022-04-13 10:22:45",372375
-6288,5022,-1394,"2022-04-13 10:22:45",373368
-6304,5033,-1395,"2022-04-13 10:22:45",374361
-6294,5025,-1403,"2022-04-13 10:22:45",375354
-6288,5026,-1390,"2022-04-13 10:22:45",376347
-6316,5043,-1388,"2022-04-13 10:22:45",377340
-6299,5034,-1395,"2022-04-13 10:22:45",378333
-6278,5055,-1374,"2022-04-13 10:22:45",379326
-6294,5064,-1372,"2022-04-13 10:22:45",380319
-6300,5068,-1367,"2022-04-13 10:22:45",381312
-6298,5039,-1340,"2022-04-13 10:22:45",382305
-6282,5054,-1377,"2022-04-13 10:22:45",383298
-6270,5045,-1386,"2022-04-13 10:22:45",384291
-6290,5035,-1385,"2022-04-13 10:22:45",385284
-6283,5028,-1394,"2022-04-13 10:22:45",386277
-6303,5059,-1392,"2022-04-13 10:22:45",387270
-6299,5035,-1402,"2022-04-13 10:22:45",388263
-6276,5032,-1400,"2022-04-13 10:22:45",389256
-6274,5054,-1382,"2022-04-13 10:22:45",390249
-6288,5052,-1381,"2022-04-13 10:22:45",391242
-6288,5035,-1394,"2022-04-13 10:22:45",392235
-6270,5040,-1365,"2022-04-13 10:22:45",393228
-6294,5042,-1387,"2022-04-13 10:22:45",394221
-6277,5039,-1374,"2022-04-13 10:22:45",395214
-6272,5063,-1374,"2022-04-13 10:22:45",396207
-6294,5046,-1367,"2022-04-13 10:22:45",397200
-6300,5026,-1373,"2022-04-13 10:22:45",398193
-6298,5044,-1374,"2022-04-13 10:22:45",399186
-6300,5036,-1384,"2022-04-13 10:22:45",400179
-6288,5032,-1394,"2022-04-13 10:22:45",401172
-6285,5050,-1380,"2022-04-13 10:22:45",402165
-6290,5064,-1360,"2022-04-13 10:22:45",403158
-6269,5034,-1367,"2022-04-13 10:22:45",404151
-6275,5050,-1363,"2022-04-13 10:22:45",405144
-6279,5057,-1366,"2022-04-13 10:22:45",406137
-6270,5049,-1377,"2022-04-13 10:22:45",407130
-6299,5037,-1359,"2022-04-13 10:22:45",408123
-6284,5039,-1387,"2022-04-13 10:22:45",409116
-6303,5043,-1365,"2022-04-13 10:22:45",410109
-6280,5046,-1367,"2022-04-13 10:22:45",411102
-6305,5055,-1385,"2022-04-13 10:22:45",412095
-6308,5059,-1382,"2022-04-13 10:22:45",413088
-6278,5051,-1359,"2022-04-13 10:22:45",414081
-6297,5024,-1383,"2022-04-13 10:22:45",415074
-6268,5037,-1381,"2022-04-13 10:22:45",416067
-6288,5064,-1374,"2022-04-13 10:22:45",417060
-6290,5070,-1382,"2022-04-13 10:22:45",418053
-6277,5040,-1376,"2022-04-13 10:22:45",419046
-6263,5024,-1398,"2022-04-13 10:22:45",420039
-6288,5029,-1376,"2022-04-13 10:22:45",421032
-6286,5054,-1381,"2022-04-13 10:22:45",422025
-6308,5041,-1370,"2022-04-13 10:22:45",423018
-6286,5044,-1381,"2022-04-13 10:22:45",424011
-6261,5039,-1334,"2022-04-13 10:22:45",425004
-6262,5059,-1380,"2022-04-13 10:22:45",425997
-6278,5040,-1389,"2022-04-13 10:22:45",426990
-6267,5043,-1381,"2022-04-13 10:22:45",427983
-6273,5037,-1394,"2022-04-13 10:22:45",428976
-6283,5044,-1379,"2022-04-13 10:22:45",429969
-6289,5039,-1390,"2022-04-13 10:22:45",430962
-6294,5026,-1380,"2022-04-13 10:22:45",431955
-6295,5022,-1360,"2022-04-13 10:22:45",432948
-6293,5022,-1390,"2022-04-13 10:22:45",433941
-6295,5050,-1372,"2022-04-13 10:22:45",434934
-6281,5050,-1388,"2022-04-13 10:22:45",435927
-6269,5060,-1385,"2022-04-13 10:22:45",436920
-6258,5035,-1372,"2022-04-13 10:22:45",437913
-6288,5018,-1399,"2022-04-13 10:22:45",438906
-6274,5030,-1372,"2022-04-13 10:22:45",439899
-6285,5025,-1376,"2022-04-13 10:22:45",440892
-6287,5033,-1379,"2022-04-13 10:22:45",441885
-6300,5036,-1341,"2022-04-13 10:22:45",442878
-6306,5052,-1376,"2022-04-13 10:22:45",443871
-6298,5072,-1365,"2022-04-13 10:22:45",444864
-6293,5046,-1376,"2022-04-13 10:22:45",445857
-6298,5038,-1363,"2022-04-13 10:22:45",446850
-6292,5037,-1351,"2022-04-13 10:22:45",447843
-6295,5050,-1371,"2022-04-13 10:22:45",448836
-6289,5060,-1364,"2022-04-13 10:22:45",449829
-6303,5043,-1370,"2022-04-13 10:22:45",450822
-6288,5054,-1358,"2022-04-13 10:22:45",451815
-6278,5062,-1375,"2022-04-13 10:22:45",452808
-6308,5064,-1363,"2022-04-13 10:22:45",453801
-6299,5054,-1360,"2022-04-13 10:22:45",454794
-6293,5041,-1380,"2022-04-13 10:22:45",455787
-6278,5068,-1373,"2022-04-13 10:22:45",456780
-6286,5053,-1366,"2022-04-13 10:22:45",457773
-6299,5061,-1368,"2022-04-13 10:22:45",458766
-6316,5080,-1360,"2022-04-13 10:22:45",459759
-6321,5045,-1358,"2022-04-13 10:22:45",460752
-6277,5046,-1379,"2022-04-13 10:22:45",461745
-6268,5050,-1374,"2022-04-13 10:22:45",462738
-6296,5059,-1378,"2022-04-13 10:22:45",463731
-6308,5059,-1378,"2022-04-13 10:22:45",464724
-6303,5055,-1386,"2022-04-13 10:22:45",465717
-6295,5038,-1348,"2022-04-13 10:22:45",466710
-6320,5042,-1351,"2022-04-13 10:22:45",467703
-6310,5022,-1370,"2022-04-13 10:22:45",468696
-6303,5044,-1365,"2022-04-13 10:22:45",469689
-6288,5030,-1350,"2022-04-13 10:22:45",470682
-6297,5012,-1397,"2022-04-13 10:22:45",471675
-6298,5055,-1386,"2022-04-13 10:22:45",472668
-6306,5038,-1384,"2022-04-13 10:22:45",473661
-6325,5038,-1355,"2022-04-13 10:22:45",474654
-6301,5050,-1358,"2022-04-13 10:22:45",475647
-6298,5054,-1354,"2022-04-13 10:22:45",476640
-6298,5069,-1380,"2022-04-13 10:22:45",477633
-6313,5041,-1380,"2022-04-13 10:22:45",478626
-6276,5040,-1376,"2022-04-13 10:22:45",479619
-6282,5020,-1350,"2022-04-13 10:22:45",480612
-6298,5026,-1380,"2022-04-13 10:22:45",481605
-6313,5041,-1364,"2022-04-13 10:22:45",482598
-6313,5044,-1376,"2022-04-13 10:22:45",483591
-6311,5064,-1377,"2022-04-13 10:22:45",484584
-6310,5044,-1359,"2022-04-13 10:22:45",485577
-6302,5052,-1372,"2022-04-13 10:22:45",486570
-6326,5035,-1380,"2022-04-13 10:22:45",487563
-6310,5028,-1376,"2022-04-13 10:22:45",488556
-6321,5046,-1376,"2022-04-13 10:22:45",489549
-6307,5060,-1362,"2022-04-13 10:22:45",490542
-6298,5074,-1386,"2022-04-13 10:22:45",491535
-6308,5039,-1387,"2022-04-13 10:22:45",492528
-6301,5035,-1372,"2022-04-13 10:22:45",493521
-6314,5024,-1379,"2022-04-13 10:22:45",494514
-6288,5036,-1379,"2022-04-13 10:22:45",495507
-6293,5048,-1390,"2022-04-13 10:22:45",496500
-6316,5056,-1371,"2022-04-13 10:22:45",497493
-6302,5036,-1350,"2022-04-13 10:22:45",498486
-6294,5046,-1347,"2022-04-13 10:22:45",499479
-6306,5038,-1362,"2022-04-13 10:22:45",500472
-6301,5054,-1353,"2022-04-13 10:22:45",501465
-6308,5035,-1353,"2022-04-13 10:22:45",502458
-6298,5059,-1354,"2022-04-13 10:22:45",503451
-6309,5046,-1385,"2022-04-13 10:22:45",504444
-6323,5049,-1395,"2022-04-13 10:22:45",505437
-6298,5070,-1381,"2022-04-13 10:22:45",506430
-6302,5052,-1364,"2022-04-13 10:22:45",507423
-6293,5027,-1364,"2022-04-13 10:22:45",508416
-6282,5047,-1351,"2022-04-13 10:22:45",509409
-6308,5034,-1393,"2022-04-13 10:22:45",510402
-6298,5041,-1394,"2022-04-13 10:22:45",511395
-6325,5039,-1362,"2022-04-13 10:22:45",512388
-6311,5018,-1353,"2022-04-13 10:22:45",513381
-6295,5029,-1357,"2022-04-13 10:22:45",514374
-6308,5053,-1370,"2022-04-13 10:22:45",515367
-6325,5064,-1385,"2022-04-13 10:22:45",516360
-6304,5035,-1391,"2022-04-13 10:22:45",517353
-6295,5038,-1370,"2022-04-13 10:22:45",518346
-6284,5055,-1355,"2022-04-13 10:22:45",519339
-6298,5038,-1349,"2022-04-13 10:22:45",520332
-6306,5028,-1376,"2022-04-13 10:22:45",521325
-6295,5046,-1377,"2022-04-13 10:22:45",522318
-6304,5015,-1381,"2022-04-13 10:22:45",523311
-6289,5053,-1368,"2022-04-13 10:22:45",524304
-6284,5029,-1388,"2022-04-13 10:22:45",525297
-6293,5023,-1370,"2022-04-13 10:22:45",526290
-6285,5063,-1403,"2022-04-13 10:22:45",527283
-6302,5040,-1410,"2022-04-13 10:22:45",528276
-6288,5037,-1381,"2022-04-13 10:22:45",529269
-6294,5054,-1371,"2022-04-13 10:22:45",530262
-6296,5058,-1376,"2022-04-13 10:22:45",531255
-6294,5030,-1367,"2022-04-13 10:22:45",532248
-6303,5004,-1374,"2022-04-13 10:22:45",533241
-6308,5051,-1390,"2022-04-13 10:22:45",534234
-6300,5061,-1374,"2022-04-13 10:22:45",535227
-6297,5044,-1364,"2022-04-13 10:22:45",536220
-6296,5037,-1368,"2022-04-13 10:22:45",537213
-6310,5038,-1360,"2022-04-13 10:22:45",538206
-6288,5054,-1392,"2022-04-13 10:22:45",539199
-6280,5054,-1378,"2022-04-13 10:22:45",540192
-6268,5038,-1355,"2022-04-13 10:22:45",541185
-6336,5054,-1370,"2022-04-13 10:22:45",542178
-6308,5053,-1358,"2022-04-13 10:22:45",543171
-6283,5060,-1380,"2022-04-13 10:22:45",544164
-6278,5060,-1366,"2022-04-13 10:22:45",545157
-6285,5046,-1362,"2022-04-13 10:22:45",546150
-6294,5062,-1366,"2022-04-13 10:22:45",547143
-6298,5064,-1381,"2022-04-13 10:22:45",548136
-6298,5036,-1368,"2022-04-13 10:22:45",549129
-6298,5041,-1359,"2022-04-13 10:22:45",550122
-6298,5038,-1365,"2022-04-13 10:22:45",551115
-6313,5022,-1381,"2022-04-13 10:22:45",552108
-6298,5034,-1392,"2022-04-13 10:22:45",553101
-6306,5076,-1390,"2022-04-13 10:22:45",554094
-6290,5042,-1390,"2022-04-13 10:22:45",555087
-6296,5028,-1389,"2022-04-13 10:22:45",556080
-6306,5061,-1384,"2022-04-13 10:22:45",557073
-6282,5064,-1397,"2022-04-13 10:22:45",558066
-6272,5050,-1394,"2022-04-13 10:22:45",559059
-6278,5028,-1380,"2022-04-13 10:22:45",560052
-6269,5055,-1354,"2022-04-13 10:22:45",561045
-6288,5063,-1367,"2022-04-13 10:22:45",562038
-6306,5043,-1366,"2022-04-13 10:22:45",563031
-6285,5064,-1353,"2022-04-13 10:22:45",564024
-6304,5046,-1360,"2022-04-13 10:22:45",565017
-6289,5044,-1375,"2022-04-13 10:22:45",566010
-6286,5044,-1359,"2022-04-13 10:22:45",567003
-6332,5035,-1364,"2022-04-13 10:22:45",567996
-6289,5028,-1342,"2022-04-13 10:22:45",568989
-6284,5044,-1346,"2022-04-13 10:22:45",569982
-6281,5060,-1358,"2022-04-13 10:22:45",570975
-6307,5064,-1355,"2022-04-13 10:22:45",571968
-6304,5065,-1360,"2022-04-13 10:22:45",572961
-6305,5042,-1330,"2022-04-13 10:22:45",573954
-6298,5047,-1378,"2022-04-13 10:22:45",574947
-6322,5075,-1370,"2022-04-13 10:22:45",575940
-6299,5054,-1357,"2022-04-13 10:22:45",576933
-6308,5046,-1354,"2022-04-13 10:22:45",577926
-6330,5059,-1370,"2022-04-13 10:22:45",578919
-6305,5053,-1370,"2022-04-13 10:22:45",579912
-6278,5058,-1327,"2022-04-13 10:22:45",580905
-6288,5058,-1350,"2022-04-13 10:22:45",581898
-6310,5044,-1355,"2022-04-13 10:22:45",582891
-6303,5064,-1366,"2022-04-13 10:22:45",583884
-6293,5063,-1340,"2022-04-13 10:22:45",584877
-6288,5042,-1339,"2022-04-13 10:22:45",585870
-6308,5066,-1372,"2022-04-13 10:22:45",586863
-6309,5076,-1394,"2022-04-13 10:22:45",587856
-6312,5054,-1390,"2022-04-13 10:22:45",588849
-6298,5040,-1352,"2022-04-13 10:22:45",589842
-6303,5054,-1352,"2022-04-13 10:22:45",590835
-6303,5059,-1367,"2022-04-13 10:22:45",591828
-6304,5042,-1383,"2022-04-13 10:22:45",592821
-6288,5042,-1360,"2022-04-13 10:22:45",593814
-6292,5060,-1359,"2022-04-13 10:22:45",594807
-6288,5070,-1336,"2022-04-13 10:22:45",595800
-6300,5070,-1327,"2022-04-13 10:22:45",596793
-6326,5065,-1340,"2022-04-13 10:22:45",597786
-6291,5054,-1339,"2022-04-13 10:22:45",598779
-6304,5046,-1357,"2022-04-13 10:22:45",599772
-6313,5041,-1365,"2022-04-13 10:22:45",600765
-6300,5057,-1360,"2022-04-13 10:22:45",601758
-6294,5042,-1351,"2022-04-13 10:22:45",602751
-6293,5038,-1350,"2022-04-13 10:22:45",603744
-6295,5062,-1373,"2022-04-13 10:22:45",604737
-6295,5062,-1372,"2022-04-13 10:22:45",605730
-6273,5064,-1367,"2022-04-13 10:22:45",606723
-6264,5060,-1380,"2022-04-13 10:22:45",607716
-6292,5024,-1376,"2022-04-13 10:22:45",608709
-6283,5041,-1360,"2022-04-13 10:22:45",609702
-6284,5063,-1372,"2022-04-13 10:22:45",610695
-6295,5053,-1382,"2022-04-13 10:22:45",611688
-6291,5050,-1397,"2022-04-13 10:22:45",612681
-6282,5048,-1390,"2022-04-13 10:22:45",613674
-6295,5041,-1382,"2022-04-13 10:22:45",614667
-6280,5036,-1380,"2022-04-13 10:22:45",615660
-6291,5050,-1386,"2022-04-13 10:22:45",616653
-6294,5060,-1381,"2022-04-13 10:22:45",617646
-6296,5063,-1364,"2022-04-13 10:22:45",618639
-6279,5061,-1360,"2022-04-13 10:22:45",619632
-6271,5059,-1352,"2022-04-13 10:22:45",620625
-6281,5053,-1370,"2022-04-13 10:22:45",621618
-6255,5050,-1350,"2022-04-13 10:22:45",622611
-6289,5055,-1368,"2022-04-13 10:22:45",623604
-6272,5045,-1374,"2022-04-13 10:22:45",624597
-6284,5038,-1412,"2022-04-13 10:22:45",625590
-6274,5030,-1380,"2022-04-13 10:22:45",626583
-6257,5059,-1370,"2022-04-13 10:22:45",627576
-6268,5041,-1374,"2022-04-13 10:22:45",628569
-6298,5034,-1371,"2022-04-13 10:22:45",629562
-6286,5066,-1362,"2022-04-13 10:22:45",630555
-6289,5052,-1380,"2022-04-13 10:22:45",631548
-6261,5076,-1358,"2022-04-13 10:22:45",632541
-6267,5054,-1350,"2022-04-13 10:22:45",633534
-6272,5044,-1374,"2022-04-13 10:22:45",634527
-6284,5023,-1394,"2022-04-13 10:22:45",635520
-6272,5044,-1356,"2022-04-13 10:22:45",636513
-6278,5065,-1360,"2022-04-13 10:22:45",637506
-6283,5040,-1377,"2022-04-13 10:22:45",638499
-6279,5050,-1360,"2022-04-13 10:22:45",639492
-6272,5072,-1388,"2022-04-13 10:22:45",640485
-6292,5044,-1387,"2022-04-13 10:22:45",641478
-6272,5048,-1398,"2022-04-13 10:22:45",642471
-6278,5031,-1359,"2022-04-13 10:22:45",643464
-6307,5044,-1350,"2022-04-13 10:22:45",644457
-6292,5036,-1370,"2022-04-13 10:22:45",645450
-6281,5045,-1365,"2022-04-13 10:22:45",646443
-6282,5056,-1389,"2022-04-13 10:22:45",647436
-6302,5046,-1366,"2022-04-13 10:22:45",648429
-6286,5022,-1370,"2022-04-13 10:22:45",649422
-6280,5034,-1356,"2022-04-13 10:22:45",650415
-6278,5051,-1387,"2022-04-13 10:22:45",651408
-6289,5027,-1390,"2022-04-13 10:22:45",652401
-6292,5041,-1384,"2022-04-13 10:22:45",653394
-6281,5043,-1391,"2022-04-13 10:22:45",654387
-6278,5030,-1385,"2022-04-13 10:22:45",655380
-6279,5058,-1352,"2022-04-13 10:22:45",656373
-6290,5054,-1341,"2022-04-13 10:22:45",657366
-6259,5030,-1340,"2022-04-13 10:22:45",658359
-6284,5045,-1352,"2022-04-13 10:22:45",659352
-6285,5059,-1370,"2022-04-13 10:22:45",660345
-6289,5046,-1353,"2022-04-13 10:22:45",661338
-6312,5049,-1366,"2022-04-13 10:22:45",662331
-6294,5051,-1372,"2022-04-13 10:22:45",663324
-6278,5020,-1378,"2022-04-13 10:22:45",664317
-6294,5040,-1364,"2022-04-13 10:22:45",665310
-6292,5063,-1348,"2022-04-13 10:22:45",666303
-6285,5046,-1360,"2022-04-13 10:22:45",667296
-6290,5039,-1360,"2022-04-13 10:22:45",668289
-6265,5038,-1352,"2022-04-13 10:22:45",669282
-6295,5048,-1356,"2022-04-13 10:22:45",670275
-6279,5051,-1370,"2022-04-13 10:22:45",671268
-6284,5070,-1376,"2022-04-13 10:22:45",672261
-6300,5047,-1380,"2022-04-13 10:22:45",673254
-6287,5064,-1365,"2022-04-13 10:22:45",674247
-6310,5060,-1368,"2022-04-13 10:22:45",675240
-6284,5059,-1346,"2022-04-13 10:22:45",676233
-6262,5056,-1394,"2022-04-13 10:22:45",677226
-6278,5072,-1385,"2022-04-13 10:22:45",678219
-6290,5060,-1380,"2022-04-13 10:22:45",679212
-6298,5036,-1390,"2022-04-13 10:22:45",680205
-6291,5054,-1357,"2022-04-13 10:22:45",681198
-6298,5049,-1360,"2022-04-13 10:22:45",682191
-6298,5043,-1384,"2022-04-13 10:22:45",683184
-6298,5054,-1398,"2022-04-13 10:22:45",684177
-6312,5042,-1386,"2022-04-13 10:22:45",685170
-6293,5052,-1390,"2022-04-13 10:22:45",686163
-6324,5050,-1350,"2022-04-13 10:22:45",687156
-6278,5050,-1346,"2022-04-13 10:22:45",688149
-6287,5050,-1366,"2022-04-13 10:22:45",689142
-6308,5051,-1360,"2022-04-13 10:22:45",690135
-6304,5038,-1358,"2022-04-13 10:22:45",691128
-6279,5034,-1365,"2022-04-13 10:22:45",692121
-6278,5059,-1344,"2022-04-13 10:22:45",693114
-6274,5046,-1341,"2022-04-13 10:22:45",694107
-6285,5038,-1374,"2022-04-13 10:22:45",695100
-6299,5038,-1372,"2022-04-13 10:22:45",696093
-6303,5035,-1359,"2022-04-13 10:22:45",697086
-6267,5036,-1358,"2022-04-13 10:22:45",698079
-6279,5042,-1355,"2022-04-13 10:22:45",699072
-6283,5040,-1365,"2022-04-13 10:22:45",700065
-6281,5058,-1362,"2022-04-13 10:22:45",701058
-6267,5046,-1329,"2022-04-13 10:22:45",702051
-6262,5050,-1386,"2022-04-13 10:22:45",703044
-6285,5042,-1374,"2022-04-13 10:22:45",704037
-6304,5054,-1355,"2022-04-13 10:22:45",705030
-6296,5042,-1371,"2022-04-13 10:22:45",706023
-6294,5030,-1362,"2022-04-13 10:22:45",707016
-6271,5036,-1402,"2022-04-13 10:22:45",708009
-6266,5038,-1399,"2022-04-13 10:22:45",709002
-6314,5018,-1358,"2022-04-13 10:22:45",709995
-6293,5046,-1355,"2022-04-13 10:22:45",710988
-6282,5033,-1374,"2022-04-13 10:22:45",711981
-6293,5044,-1384,"2022-04-13 10:22:45",712974
-6298,5060,-1368,"2022-04-13 10:22:45",713967
-6296,5066,-1382,"2022-04-13 10:22:45",714960
-6299,5043,-1353,"2022-04-13 10:22:45",715953
-6290,5065,-1358,"2022-04-13 10:22:45",716946
-6286,5044,-1355,"2022-04-13 10:22:45",717939
-6294,5049,-1374,"2022-04-13 10:22:45",718932
-6291,5036,-1370,"2022-04-13 10:22:45",719925
-6296,5036,-1348,"2022-04-13 10:22:45",720918
-6293,5028,-1349,"2022-04-13 10:22:45",721911
-6305,5019,-1359,"2022-04-13 10:22:45",722904
-6297,5019,-1367,"2022-04-13 10:22:45",723897
-6280,5034,-1381,"2022-04-13 10:22:45",724890
-6274,5025,-1370,"2022-04-13 10:22:45",725883
-6288,5034,-1360,"2022-04-13 10:22:45",726876
-6272,5048,-1350,"2022-04-13 10:22:45",727869
-6299,5064,-1353,"2022-04-13 10:22:45",728862
-6298,5065,-1372,"2022-04-13 10:22:45",729855
-6282,5072,-1355,"2022-04-13 10:22:45",730848
-6294,5060,-1357,"2022-04-13 10:22:45",731841
-6292,5056,-1376,"2022-04-13 10:22:45",732834
-6295,5034,-1379,"2022-04-13 10:22:45",733827
-6299,5041,-1366,"2022-04-13 10:22:45",734820
-6298,5048,-1361,"2022-04-13 10:22:45",735813
-6278,5052,-1345,"2022-04-13 10:22:45",736806
-6285,5047,-1355,"2022-04-13 10:22:45",737799
-6297,5046,-1360,"2022-04-13 10:22:45",738792
-6303,5060,-1380,"2022-04-13 10:22:45",739785
-6317,5047,-1368,"2022-04-13 10:22:45",740778
-6304,5064,-1394,"2022-04-13 10:22:45",741771
-6313,5070,-1366,"2022-04-13 10:22:45",742764
-6288,5042,-1380,"2022-04-13 10:22:45",743757
-6299,5050,-1368,"2022-04-13 10:22:45",744750
-6305,5054,-1361,"2022-04-13 10:22:45",745743
-6274,5048,-1378,"2022-04-13 10:22:45",746736
-6297,5036,-1376,"2022-04-13 10:22:45",747729
-6318,5042,-1362,"2022-04-13 10:22:45",748722
-6297,5072,-1374,"2022-04-13 10:22:45",749715
-6296,5054,-1361,"2022-04-13 10:22:45",750708
-6286,5070,-1344,"2022-04-13 10:22:45",751701
-6294,5043,-1370,"2022-04-13 10:22:45",752694
-6305,5051,-1383,"2022-04-13 10:22:45",753687
-6292,5047,-1402,"2022-04-13 10:22:45",754680
-6286,5065,-1384,"2022-04-13 10:22:45",755673
-6321,5038,-1370,"2022-04-13 10:22:45",756666
-6308,5014,-1382,"2022-04-13 10:22:45",757659
-6299,5039,-1388,"2022-04-13 10:22:45",758652
-6296,5057,-1378,"2022-04-13 10:22:45",759645
-6309,5050,-1356,"2022-04-13 10:22:45",760638
-6283,5038,-1360,"2022-04-13 10:22:45",761631
-6281,5069,-1356,"2022-04-13 10:22:45",762624
-6269,5048,-1366,"2022-04-13 10:22:45",763617
-6268,5064,-1357,"2022-04-13 10:22:45",764610
-6302,5060,-1360,"2022-04-13 10:22:45",765603
-6297,5042,-1374,"2022-04-13 10:22:45",766596
-6284,5050,-1378,"2022-04-13 10:22:45",767589
-6304,5054,-1373,"2022-04-13 10:22:45",768582
-6309,5030,-1382,"2022-04-13 10:22:45",769575
-6303,5034,-1368,"2022-04-13 10:22:45",770568
-6288,5041,-1360,"2022-04-13 10:22:45",771561
-6313,5070,-1366,"2022-04-13 10:22:45",772554
-6283,5038,-1360,"2022-04-13 10:22:45",773547
-6288,5050,-1360,"2022-04-13 10:22:45",774540
-6300,5055,-1354,"2022-04-13 10:22:45",775533
-6276,5060,-1351,"2022-04-13 10:22:45",776526
-6304,5044,-1384,"2022-04-13 10:22:45",777519
-6282,5054,-1390,"2022-04-13 10:22:45",778512
-6286,5070,-1381,"2022-04-13 10:22:45",779505
-6272,5044,-1377,"2022-04-13 10:22:45",780498
-6294,5047,-1379,"2022-04-13 10:22:45",781491
-6291,5049,-1382,"2022-04-13 10:22:45",782484
-6309,5052,-1381,"2022-04-13 10:22:45",783477
-6292,5062,-1362,"2022-04-13 10:22:45",784470
-6296,5049,-1376,"2022-04-13 10:22:45",785463
-6290,5050,-1366,"2022-04-13 10:22:45",786456
-6288,5010,-1360,"2022-04-13 10:22:45",787449
-6268,5055,-1360,"2022-04-13 10:22:45",788442
-6284,5067,-1340,"2022-04-13 10:22:45",789435
-6296,5035,-1404,"2022-04-13 10:22:45",790428
-6298,5054,-1386,"2022-04-13 10:22:45",791421
-6288,5066,-1386,"2022-04-13 10:22:45",792414
-6280,5060,-1361,"2022-04-13 10:22:45",793407
-6280,5064,-1370,"2022-04-13 10:22:45",794400
-6286,5058,-1372,"2022-04-13 10:22:45",795393
-6280,5065,-1371,"2022-04-13 10:22:45",796386
-6294,5059,-1356,"2022-04-13 10:22:45",797379
-6297,5040,-1375,"2022-04-13 10:22:45",798372
-6293,5055,-1380,"2022-04-13 10:22:45",799365
-6272,5040,-1379,"2022-04-13 10:22:45",800358
-6270,5033,-1368,"2022-04-13 10:22:45",801351
-6278,5007,-1380,"2022-04-13 10:22:45",802344
-6292,5067,-1371,"2022-04-13 10:22:45",803337
-6295,5070,-1369,"2022-04-13 10:22:45",804330
-6292,5048,-1364,"2022-04-13 10:22:45",805323
-6294,5039,-1391,"2022-04-13 10:22:45",806316
-6263,5054,-1385,"2022-04-13 10:22:45",807309
-6303,5049,-1367,"2022-04-13 10:22:45",808302
-6276,5042,-1354,"2022-04-13 10:22:45",809295
-6272,5054,-1350,"2022-04-13 10:22:45",810288
-6288,5056,-1355,"2022-04-13 10:22:45",811281
-6262,5044,-1376,"2022-04-13 10:22:45",812274
-6290,5042,-1376,"2022-04-13 10:22:45",813267
-6303,5043,-1376,"2022-04-13 10:22:45",814260
-6278,5035,-1376,"2022-04-13 10:22:45",815253
-6286,5038,-1382,"2022-04-13 10:22:45",816246
-6295,5044,-1370,"2022-04-13 10:22:45",817239
-6290,5034,-1372,"2022-04-13 10:22:45",818232
-6285,5037,-1390,"2022-04-13 10:22:45",819225
-6288,5039,-1362,"2022-04-13 10:22:45",820218
-6304,5059,-1374,"2022-04-13 10:22:45",821211
-6318,5042,-1388,"2022-04-13 10:22:45",822204
-6301,5036,-1400,"2022-04-13 10:22:45",823197
-6324,5030,-1359,"2022-04-13 10:22:45",824190
-6320,5024,-1355,"2022-04-13 10:22:45",825183
-6302,5040,-1367,"2022-04-13 10:22:45",826176
-6321,5065,-1392,"2022-04-13 10:22:45",827169
-6328,5059,-1401,"2022-04-13 10:22:45",828162
-6326,5050,-1358,"2022-04-13 10:22:45",829155
-6321,5050,-1364,"2022-04-13 10:22:45",830148
-6295,5046,-1382,"2022-04-13 10:22:45",831141
-6289,5048,-1381,"2022-04-13 10:22:45",832134
-6291,5049,-1379,"2022-04-13 10:22:45",833127
-6286,5076,-1355,"2022-04-13 10:22:45",834120
-6298,5061,-1379,"2022-04-13 10:22:45",835113
-6295,5039,-1369,"2022-04-13 10:22:45",836106
-6285,5053,-1363,"2022-04-13 10:22:45",837099
-6295,5054,-1334,"2022-04-13 10:22:45",838092
-6318,5064,-1334,"2022-04-13 10:22:45",839085
-6293,5064,-1335,"2022-04-13 10:22:45",840078
-6292,5058,-1369,"2022-04-13 10:22:45",841071
-6291,5070,-1368,"2022-04-13 10:22:45",842064
-6290,5070,-1370,"2022-04-13 10:22:45",843057
-6274,5054,-1377,"2022-04-13 10:22:45",844050
-6298,5044,-1370,"2022-04-13 10:22:45",845043
-6294,5050,-1372,"2022-04-13 10:22:45",846036
-6310,5029,-1386,"2022-04-13 10:22:45",847029
-6303,5024,-1355,"2022-04-13 10:22:45",848022
-6295,5043,-1360,"2022-04-13 10:22:45",849015
-6298,5046,-1370,"2022-04-13 10:22:45",850008
-6321,5036,-1346,"2022-04-13 10:22:45",851001
-6283,5042,-1369,"2022-04-13 10:22:45",851994
-6292,5054,-1398,"2022-04-13 10:22:45",852987
-6301,5026,-1398,"2022-04-13 10:22:45",853980
-6287,5064,-1371,"2022-04-13 10:22:45",854973
-6266,5061,-1392,"2022-04-13 10:22:45",855966
-6279,5049,-1403,"2022-04-13 10:22:45",856959
-6295,5048,-1391,"2022-04-13 10:22:45",857952
-6302,5041,-1365,"2022-04-13 10:22:45",858945
-6300,5042,-1384,"2022-04-13 10:22:45",859938
-6306,5022,-1372,"2022-04-13 10:22:45",860931
-6298,5041,-1386,"2022-04-13 10:22:45",861924
-6294,5033,-1376,"2022-04-13 10:22:45",862917
-6293,5033,-1372,"2022-04-13 10:22:45",863910
-6278,5041,-1350,"2022-04-13 10:22:45",864903
-6312,5044,-1349,"2022-04-13 10:22:45",865896
-6320,5030,-1359,"2022-04-13 10:22:45",866889
-6320,5049,-1368,"2022-04-13 10:22:45",867882
-6304,5033,-1370,"2022-04-13 10:22:45",868875
-6288,5032,-1383,"2022-04-13 10:22:45",869868
-6298,5020,-1394,"2022-04-13 10:22:45",870861
-6287,5047,-1394,"2022-04-13 10:22:45",871854
-6295,5054,-1375,"2022-04-13 10:22:45",872847
-6303,5036,-1382,"2022-04-13 10:22:45",873840
-6307,5039,-1411,"2022-04-13 10:22:45",874833
-6295,5036,-1385,"2022-04-13 10:22:45",875826
-6296,5038,-1390,"2022-04-13 10:22:45",876819
-6294,5035,-1373,"2022-04-13 10:22:45",877812
-6288,5032,-1390,"2022-04-13 10:22:45",878805
-6275,5063,-1382,"2022-04-13 10:22:45",879798
-6278,5045,-1347,"2022-04-13 10:22:45",880791
-6288,5030,-1350,"2022-04-13 10:22:45",881784
-6289,5024,-1365,"2022-04-13 10:22:45",882777
-6305,5040,-1360,"2022-04-13 10:22:45",883770
-6282,5038,-1373,"2022-04-13 10:22:45",884763
-6311,5036,-1366,"2022-04-13 10:22:45",885756
-6304,5050,-1386,"2022-04-13 10:22:45",886749
-6307,5024,-1369,"2022-04-13 10:22:45",887742
-6305,5013,-1395,"2022-04-13 10:22:45",888735
-6296,5039,-1390,"2022-04-13 10:22:45",889728
-6289,5071,-1381,"2022-04-13 10:22:45",890721
-6296,5038,-1396,"2022-04-13 10:22:45",891714
-6276,5019,-1387,"2022-04-13 10:22:45",892707
-6272,5046,-1390,"2022-04-13 10:22:45",893700
-6300,5073,-1379,"2022-04-13 10:22:45",894693
-6285,5054,-1354,"2022-04-13 10:22:45",895686
-6293,5044,-1380,"2022-04-13 10:22:45",896679
-6286,5017,-1390,"2022-04-13 10:22:45",897672
-6319,5026,-1355,"2022-04-13 10:22:45",898665
-6303,5037,-1349,"2022-04-13 10:22:45",899658
-6265,5035,-1350,"2022-04-13 10:22:45",900651
-6294,5046,-1357,"2022-04-13 10:22:45",901644
-6284,5042,-1398,"2022-04-13 10:22:45",902637
-6296,5039,-1403,"2022-04-13 10:22:45",903630
-6272,5045,-1360,"2022-04-13 10:22:45",904623
-6294,5041,-1383,"2022-04-13 10:22:45",905616
-6303,5060,-1360,"2022-04-13 10:22:45",906609
-6298,5057,-1375,"2022-04-13 10:22:45",907602
-6293,5039,-1397,"2022-04-13 10:22:45",908595
-6315,5041,-1390,"2022-04-13 10:22:45",909588
-6300,5034,-1402,"2022-04-13 10:22:45",910581
-6282,5036,-1393,"2022-04-13 10:22:45",911574
-6294,5050,-1403,"2022-04-13 10:22:45",912567
-6294,5038,-1380,"2022-04-13 10:22:45",913560
-6294,5046,-1375,"2022-04-13 10:22:45",914553
-6295,5062,-1379,"2022-04-13 10:22:45",915546
-6280,5026,-1386,"2022-04-13 10:22:45",916539
-6290,5047,-1385,"2022-04-13 10:22:45",917532
-6294,5034,-1358,"2022-04-13 10:22:45",918525
-6317,5032,-1353,"2022-04-13 10:22:45",919518
-6301,5034,-1402,"2022-04-13 10:22:45",920511
-6327,5034,-1390,"2022-04-13 10:22:45",921504
-6318,5038,-1394,"2022-04-13 10:22:45",922497
-6293,5044,-1386,"2022-04-13 10:22:45",923490
-6272,5012,-1383,"2022-04-13 10:22:45",924483
-6272,5039,-1374,"2022-04-13 10:22:45",925476
-6262,5041,-1370,"2022-04-13 10:22:45",926469
-6285,5065,-1360,"2022-04-13 10:22:45",927462
-6306,5054,-1352,"2022-04-13 10:22:45",928455
-6325,5044,-1348,"2022-04-13 10:22:45",929448
-6306,5059,-1374,"2022-04-13 10:22:45",930441
-6299,5049,-1379,"2022-04-13 10:22:45",931434
-6303,5016,-1371,"2022-04-13 10:22:45",932427
-6324,5031,-1384,"2022-04-13 10:22:45",933420
-6301,5041,-1397,"2022-04-13 10:22:45",934413
-6281,5044,-1394,"2022-04-13 10:22:45",935406
-6298,5050,-1350,"2022-04-13 10:22:45",936399
-6320,5050,-1387,"2022-04-13 10:22:45",937392
-6314,5056,-1390,"2022-04-13 10:22:45",938385
-6315,5068,-1380,"2022-04-13 10:22:45",939378
-6297,5060,-1371,"2022-04-13 10:22:45",940371
-6309,5064,-1354,"2022-04-13 10:22:45",941364
-6326,5041,-1341,"2022-04-13 10:22:45",942357
-6308,5041,-1370,"2022-04-13 10:22:45",943350
-6294,5038,-1365,"2022-04-13 10:22:45",944343
-6308,5033,-1376,"2022-04-13 10:22:45",945336
-6304,5059,-1359,"2022-04-13 10:22:45",946329
-6296,5052,-1368,"2022-04-13 10:22:45",947322
-6293,5045,-1366,"2022-04-13 10:22:45",948315
-6294,5054,-1366,"2022-04-13 10:22:45",949308
-6291,5061,-1384,"2022-04-13 10:22:45",950301
-6283,5059,-1402,"2022-04-13 10:22:45",951294
-6297,5051,-1374,"2022-04-13 10:22:45",952287
-6306,5032,-1385,"2022-04-13 10:22:45",953280
-6304,5054,-1400,"2022-04-13 10:22:45",954273
-6310,5058,-1390,"2022-04-13 10:22:45",955266
-6298,5054,-1404,"2022-04-13 10:22:45",956259
-6299,5043,-1389,"2022-04-13 10:22:45",957252
-6288,5034,-1364,"2022-04-13 10:22:45",958245
-6290,5047,-1369,"2022-04-13 10:22:45",959238
-6291,5054,-1374,"2022-04-13 10:22:45",960231
-6308,5037,-1377,"2022-04-13 10:22:45",961224
-6309,5041,-1398,"2022-04-13 10:22:45",962217
-6296,5049,-1381,"2022-04-13 10:22:45",963210
-6297,5056,-1362,"2022-04-13 10:22:45",964203
-6308,5052,-1352,"2022-04-13 10:22:45",965196
-6304,5060,-1366,"2022-04-13 10:22:45",966189
-6303,5040,-1376,"2022-04-13 10:22:45",967182
-6283,5039,-1388,"2022-04-13 10:22:45",968175
-6269,5046,-1400,"2022-04-13 10:22:45",969168
-6294,5058,-1408,"2022-04-13 10:22:45",970161
-6286,5037,-1363,"2022-04-13 10:22:45",971154
-6292,5050,-1353,"2022-04-13 10:22:45",972147
-6294,5076,-1380,"2022-04-13 10:22:45",973140
-6300,5043,-1392,"2022-04-13 10:22:45",974133
-6283,5049,-1388,"2022-04-13 10:22:45",975126
-6294,5062,-1350,"2022-04-13 10:22:45",976119
-6298,5047,-1361,"2022-04-13 10:22:45",977112
-6293,5054,-1380,"2022-04-13 10:22:45",978105
-6288,5054,-1367,"2022-04-13 10:22:45",979098
-6305,5050,-1383,"2022-04-13 10:22:45",980091
-6278,5033,-1379,"2022-04-13 10:22:45",981084
-6267,5052,-1369,"2022-04-13 10:22:45",982077
-6301,5044,-1366,"2022-04-13 10:22:45",983070
-6303,5050,-1394,"2022-04-13 10:22:45",984063
-6295,5048,-1390,"2022-04-13 10:22:45",985056
-6287,5047,-1377,"2022-04-13 10:22:45",986049
-6288,5054,-1385,"2022-04-13 10:22:45",987042
-6300,5038,-1374,"2022-04-13 10:22:45",988035
-6297,5049,-1381,"2022-04-13 10:22:45",989028
-6278,5053,-1380,"2022-04-13 10:22:45",990021
-6280,5063,-1363,"2022-04-13 10:22:45",991014
-6287,5091,-1370,"2022-04-13 10:22:45",992007
-6288,5080,-1377,"2022-04-13 10:22:45",993000
-6294,5036,-1385,"2022-04-13 10:22:45",993993
-6287,5038,-1394,"2022-04-13 10:22:45",994986
-6293,5044,-1379,"2022-04-13 10:22:45",995979
-6305,5046,-1365,"2022-04-13 10:22:45",996972
-6303,5040,-1363,"2022-04-13 10:22:45",997965
-6281,5056,-1359,"2022-04-13 10:22:45",998958
-6288,5076,-1384,"2022-04-13 10:22:45",999951
-6290,5075,-1401,"2022-04-13 10:22:45",1000944
-6288,5053,-1374,"2022-04-13 10:22:45",1001937
-6306,5038,-1380,"2022-04-13 10:22:45",1002930
-6288,5033,-1352,"2022-04-13 10:22:45",1003923
-6304,5043,-1354,"2022-04-13 10:22:45",1004916
-6311,5048,-1370,"2022-04-13 10:22:45",1005909
-6268,5047,-1370,"2022-04-13 10:22:45",1006902
-6303,5075,-1388,"2022-04-13 10:22:45",1007895
-6308,5071,-1374,"2022-04-13 10:22:45",1008888
-6302,5050,-1390,"2022-04-13 10:22:45",1009881
-6281,5056,-1378,"2022-04-13 10:22:45",1010874
-6294,5050,-1363,"2022-04-13 10:22:45",1011867
-6318,5055,-1364,"2022-04-13 10:22:45",1012860
-6304,5055,-1371,"2022-04-13 10:22:45",1013853
-6287,5071,-1360,"2022-04-13 10:22:45",1014846
-6288,5067,-1354,"2022-04-13 10:22:45",1015839
-6283,5064,-1367,"2022-04-13 10:22:45",1016832
-6303,5067,-1356,"2022-04-13 10:22:45",1017825
-6300,5071,-1375,"2022-04-13 10:22:45",1018818
-6314,5064,-1364,"2022-04-13 10:22:45",1019811
-6304,5060,-1360,"2022-04-13 10:22:45",1020804
-6308,5056,-1368,"2022-04-13 10:22:45",1021797
-6278,5044,-1377,"2022-04-13 10:22:45",1022790
-6298,5046,-1377,"2022-04-13 10:22:45",1023783
-6305,5046,-1397,"2022-04-13 10:22:45",1024776
-6324,5061,-1371,"2022-04-13 10:22:45",1025769
-6297,5054,-1358,"2022-04-13 10:22:45",1026762
-6300,5030,-1360,"2022-04-13 10:22:45",1027755
-6291,5064,-1390,"2022-04-13 10:22:45",1028748
-6299,5054,-1398,"2022-04-13 10:22:45",1029741
-6295,5046,-1379,"2022-04-13 10:22:45",1030734
-6298,5049,-1379,"2022-04-13 10:22:45",1031727
-6294,5064,-1374,"2022-04-13 10:22:45",1032720
-6293,5048,-1368,"2022-04-13 10:22:45",1033713
-6290,5039,-1378,"2022-04-13 10:22:45",1034706
-6298,5054,-1389,"2022-04-13 10:22:45",1035699
-6300,5064,-1376,"2022-04-13 10:22:45",1036692
-6283,5041,-1376,"2022-04-13 10:22:45",1037685
-6296,5030,-1388,"2022-04-13 10:22:45",1038678
-6273,5060,-1387,"2022-04-13 10:22:45",1039671
-6279,5060,-1386,"2022-04-13 10:22:45",1040664
-6278,5046,-1390,"2022-04-13 10:22:45",1041657
-6250,5059,-1369,"2022-04-13 10:22:45",1042650
-6285,5052,-1374,"2022-04-13 10:22:45",1043643
-6296,5052,-1365,"2022-04-13 10:22:45",1044636
-6273,5067,-1394,"2022-04-13 10:22:45",1045629
-6254,5054,-1378,"2022-04-13 10:22:45",1046622
-6299,5064,-1365,"2022-04-13 10:22:45",1047615
-6293,5047,-1380,"2022-04-13 10:22:45",1048608
-6295,5053,-1388,"2022-04-13 10:22:45",1049601
-6298,5039,-1406,"2022-04-13 10:22:45",1050594
-6296,5034,-1364,"2022-04-13 10:22:45",1051587
-6294,5046,-1391,"2022-04-13 10:22:45",1052580
-6298,5035,-1381,"2022-04-13 10:22:45",1053573
-6286,5060,-1379,"2022-04-13 10:22:45",1054566
-6272,5069,-1395,"2022-04-13 10:22:45",1055559
-6311,5041,-1381,"2022-04-13 10:22:45",1056552
-6289,5034,-1359,"2022-04-13 10:22:45",1057545
-6298,5060,-1363,"2022-04-13 10:22:45",1058538
-6281,5061,-1402,"2022-04-13 10:22:45",1059531
-6301,5036,-1394,"2022-04-13 10:22:45",1060524
-6315,5055,-1377,"2022-04-13 10:22:45",1061517
-6314,5044,-1362,"2022-04-13 10:22:45",1062510
-6310,5035,-1387,"2022-04-13 10:22:45",1063503
-6298,5054,-1404,"2022-04-13 10:22:45",1064496
-6302,5050,-1398,"2022-04-13 10:22:45",1065489
-6277,5070,-1406,"2022-04-13 10:22:45",1066482
-6281,5051,-1379,"2022-04-13 10:22:45",1067475
-6299,5050,-1385,"2022-04-13 10:22:45",1068468
-6310,5065,-1394,"2022-04-13 10:22:45",1069461
-6286,5036,-1372,"2022-04-13 10:22:45",1070454
-6298,5050,-1387,"2022-04-13 10:22:45",1071447
-6321,5036,-1380,"2022-04-13 10:22:45",1072440
-6308,5060,-1381,"2022-04-13 10:22:45",1073433
-6287,5068,-1367,"2022-04-13 10:22:45",1074426
-6320,5035,-1365,"2022-04-13 10:22:45",1075419
-6294,5052,-1374,"2022-04-13 10:22:45",1076412
-6277,5043,-1379,"2022-04-13 10:22:45",1077405
-6295,5039,-1390,"2022-04-13 10:22:45",1078398
-6325,5027,-1359,"2022-04-13 10:22:45",1079391
-6308,5048,-1372,"2022-04-13 10:22:45",1080384
-6318,5054,-1380,"2022-04-13 10:22:45",1081377
-6304,5058,-1398,"2022-04-13 10:22:45",1082370
-6297,5046,-1370,"2022-04-13 10:22:45",1083363
-6284,5055,-1387,"2022-04-13 10:22:45",1084356
-6295,5071,-1414,"2022-04-13 10:22:45",1085349
-6288,5045,-1390,"2022-04-13 10:22:45",1086342
-6288,5042,-1376,"2022-04-13 10:22:45",1087335
-6297,5028,-1375,"2022-04-13 10:22:45",1088328
-6296,5030,-1384,"2022-04-13 10:22:45",1089321
-6298,5034,-1360,"2022-04-13 10:22:45",1090314
-6278,5040,-1352,"2022-04-13 10:22:45",1091307
-6284,5040,-1400,"2022-04-13 10:22:45",1092300
-6293,5031,-1374,"2022-04-13 10:22:45",1093293
-6312,5022,-1357,"2022-04-13 10:22:45",1094286
-6294,5028,-1360,"2022-04-13 10:22:45",1095279
-6278,5052,-1350,"2022-04-13 10:22:45",1096272
-6286,5033,-1358,"2022-04-13 10:22:45",1097265
-6268,5050,-1378,"2022-04-13 10:22:45",1098258
-6288,5046,-1360,"2022-04-13 10:22:45",1099251
-6284,5036,-1392,"2022-04-13 10:22:45",1100244
-6290,5019,-1401,"2022-04-13 10:22:45",1101237
-6295,5031,-1370,"2022-04-13 10:22:45",1102230
-6298,5034,-1364,"2022-04-13 10:22:45",1103223
-6290,5066,-1370,"2022-04-13 10:22:45",1104216
-6300,5072,-1374,"2022-04-13 10:22:45",1105209
-6305,5052,-1339,"2022-04-13 10:22:45",1106202
-6288,5060,-1373,"2022-04-13 10:22:45",1107195
-6290,5060,-1374,"2022-04-13 10:22:45",1108188
-6272,5063,-1376,"2022-04-13 10:22:45",1109181
-6290,5051,-1375,"2022-04-13 10:22:45",1110174
-6308,5040,-1353,"2022-04-13 10:22:45",1111167
-6297,5050,-1370,"2022-04-13 10:22:45",1112160
-6297,5050,-1371,"2022-04-13 10:22:45",1113153
-6296,5052,-1349,"2022-04-13 10:22:45",1114146
-6297,5060,-1368,"2022-04-13 10:22:45",1115139
-6291,5048,-1399,"2022-04-13 10:22:45",1116132
-6298,5036,-1380,"2022-04-13 10:22:45",1117125
-6291,5041,-1354,"2022-04-13 10:22:45",1118118
-6295,5044,-1374,"2022-04-13 10:22:45",1119111
-6290,5044,-1372,"2022-04-13 10:22:45",1120104
-6259,5055,-1387,"2022-04-13 10:22:45",1121097
-6284,5070,-1381,"2022-04-13 10:22:45",1122090
-6274,5052,-1383,"2022-04-13 10:22:45",1123083
-6292,5043,-1387,"2022-04-13 10:22:45",1124076
-6288,5055,-1390,"2022-04-13 10:22:45",1125069
-6304,5064,-1376,"2022-04-13 10:22:45",1126062
-6298,5068,-1359,"2022-04-13 10:22:45",1127055
-6283,5059,-1365,"2022-04-13 10:22:45",1128048
-6287,5044,-1356,"2022-04-13 10:22:45",1129041
-6293,5068,-1360,"2022-04-13 10:22:45",1130034
-6295,5039,-1350,"2022-04-13 10:22:45",1131027
-6301,5023,-1370,"2022-04-13 10:22:45",1132020
-6308,5032,-1345,"2022-04-13 10:22:45",1133013
-6305,5038,-1359,"2022-04-13 10:22:45",1134006
-6280,5048,-1380,"2022-04-13 10:22:45",1134999
-6279,5053,-1404,"2022-04-13 10:22:45",1135992
-6277,5046,-1370,"2022-04-13 10:22:45",1136985
-6262,5050,-1351,"2022-04-13 10:22:45",1137978
-6272,5038,-1370,"2022-04-13 10:22:45",1138971
-6291,5044,-1353,"2022-04-13 10:22:45",1139964
-6303,5050,-1362,"2022-04-13 10:22:45",1140957
-6298,5072,-1391,"2022-04-13 10:22:45",1141950
-6308,5064,-1392,"2022-04-13 10:22:45",1142943
-6298,5037,-1344,"2022-04-13 10:22:45",1143936
-6293,5033,-1370,"2022-04-13 10:22:45",1144929
-6304,5039,-1380,"2022-04-13 10:22:45",1145922
-6295,5071,-1357,"2022-04-13 10:22:45",1146915
-6288,5070,-1363,"2022-04-13 10:22:45",1147908
-6284,5064,-1350,"2022-04-13 10:22:45",1148901
-6318,5023,-1354,"2022-04-13 10:22:45",1149894
-6294,5016,-1370,"2022-04-13 10:22:45",1150887
-6284,5049,-1368,"2022-04-13 10:22:45",1151880
-6284,5044,-1370,"2022-04-13 10:22:45",1152873
-6294,5044,-1360,"2022-04-13 10:22:45",1153866
-6308,5060,-1375,"2022-04-13 10:22:45",1154859
-6282,5065,-1354,"2022-04-13 10:22:45",1155852
-6288,5054,-1369,"2022-04-13 10:22:45",1156845
-6289,5050,-1364,"2022-04-13 10:22:45",1157838
-6289,5064,-1365,"2022-04-13 10:22:45",1158831
-6296,5058,-1366,"2022-04-13 10:22:45",1159824
-6304,5029,-1365,"2022-04-13 10:22:45",1160817
-6313,5046,-1373,"2022-04-13 10:22:45",1161810
-6299,5038,-1365,"2022-04-13 10:22:45",1162803
-6298,5050,-1336,"2022-04-13 10:22:45",1163796
-6297,5071,-1352,"2022-04-13 10:22:45",1164789
-6318,5056,-1363,"2022-04-13 10:22:45",1165782
-6315,5060,-1362,"2022-04-13 10:22:45",1166775
-6321,5038,-1387,"2022-04-13 10:22:45",1167768
-6295,5041,-1367,"2022-04-13 10:22:45",1168761
-6298,5054,-1370,"2022-04-13 10:22:45",1169754
-6309,5049,-1357,"2022-04-13 10:22:45",1170747
-6336,5063,-1350,"2022-04-13 10:22:45",1171740
-6300,5059,-1364,"2022-04-13 10:22:45",1172733
-6278,5070,-1355,"2022-04-13 10:22:45",1173726
-6304,5056,-1378,"2022-04-13 10:22:45",1174719
-6308,5048,-1395,"2022-04-13 10:22:45",1175712
-6298,5068,-1382,"2022-04-13 10:22:45",1176705
-6296,5077,-1372,"2022-04-13 10:22:45",1177698
-6284,5062,-1392,"2022-04-13 10:22:45",1178691
-6294,5042,-1375,"2022-04-13 10:22:45",1179684
-6298,5062,-1354,"2022-04-13 10:22:45",1180677
-6272,5064,-1382,"2022-04-13 10:22:45",1181670
-6301,5071,-1388,"2022-04-13 10:22:45",1182663
-6308,5086,-1380,"2022-04-13 10:22:45",1183656
-6294,5075,-1346,"2022-04-13 10:22:45",1184649
-6284,5070,-1372,"2022-04-13 10:22:45",1185642
-6268,5055,-1362,"2022-04-13 10:22:45",1186635
-6280,5054,-1344,"2022-04-13 10:22:45",1187628
-6309,5026,-1379,"2022-04-13 10:22:45",1188621
-6315,5046,-1376,"2022-04-13 10:22:45",1189614
-6298,5038,-1356,"2022-04-13 10:22:45",1190607
-6283,5039,-1380,"2022-04-13 10:22:45",1191600
-6286,5061,-1354,"2022-04-13 10:22:45",1192593
-6295,5056,-1362,"2022-04-13 10:22:45",1193586
-6278,5043,-1361,"2022-04-13 10:22:45",1194579
-6280,5054,-1370,"2022-04-13 10:22:45",1195572
-6262,5052,-1371,"2022-04-13 10:22:45",1196565
-6263,5050,-1390,"2022-04-13 10:22:45",1197558
-6292,5053,-1365,"2022-04-13 10:22:45",1198551
-6308,5054,-1376,"2022-04-13 10:22:45",1199544
-6308,5059,-1369,"2022-04-13 10:22:45",1200537
-6292,5038,-1374,"2022-04-13 10:22:45",1201530
-6287,5056,-1374,"2022-04-13 10:22:45",1202523
-6293,5057,-1376,"2022-04-13 10:22:45",1203516
-6287,5022,-1374,"2022-04-13 10:22:45",1204509
-6298,5034,-1375,"2022-04-13 10:22:45",1205502
-6281,5036,-1389,"2022-04-13 10:22:45",1206495
-6305,5052,-1359,"2022-04-13 10:22:45",1207488
-6315,5074,-1359,"2022-04-13 10:22:45",1208481
-6302,5075,-1377,"2022-04-13 10:22:45",1209474
-6278,5045,-1354,"2022-04-13 10:22:45",1210467
-6284,5038,-1377,"2022-04-13 10:22:45",1211460
-6274,5046,-1370,"2022-04-13 10:22:45",1212453
-6263,5036,-1372,"2022-04-13 10:22:45",1213446
-6292,5062,-1366,"2022-04-13 10:22:45",1214439
-6304,5040,-1346,"2022-04-13 10:22:45",1215432
-6290,5052,-1340,"2022-04-13 10:22:45",1216425
-6292,5073,-1353,"2022-04-13 10:22:45",1217418
-6299,5055,-1374,"2022-04-13 10:22:45",1218411
-6314,5039,-1350,"2022-04-13 10:22:45",1219404
-6299,5057,-1354,"2022-04-13 10:22:45",1220397
-6288,5032,-1355,"2022-04-13 10:22:45",1221390
-6305,5019,-1348,"2022-04-13 10:22:45",1222383
-6314,5031,-1344,"2022-04-13 10:22:45",1223376
-6297,5028,-1340,"2022-04-13 10:22:45",1224369
-6288,5071,-1355,"2022-04-13 10:22:45",1225362
-6296,5054,-1372,"2022-04-13 10:22:45",1226355
-6293,5033,-1382,"2022-04-13 10:22:45",1227348
-6312,5056,-1367,"2022-04-13 10:22:45",1228341
-6299,5054,-1362,"2022-04-13 10:22:45",1229334
-6310,5034,-1360,"2022-04-13 10:22:45",1230327
-6298,5050,-1375,"2022-04-13 10:22:45",1231320
-6309,5057,-1385,"2022-04-13 10:22:45",1232313
-6293,5033,-1394,"2022-04-13 10:22:45",1233306
-6307,5038,-1358,"2022-04-13 10:22:45",1234299
-6294,5007,-1340,"2022-04-13 10:22:45",1235292
-6298,5046,-1358,"2022-04-13 10:22:45",1236285
-6302,5042,-1358,"2022-04-13 10:22:45",1237278
-6287,5032,-1389,"2022-04-13 10:22:45",1238271
-6284,5036,-1349,"2022-04-13 10:22:45",1239264
-6298,5041,-1331,"2022-04-13 10:22:45",1240257
-6267,5037,-1345,"2022-04-13 10:22:45",1241250
-6294,5046,-1355,"2022-04-13 10:22:45",1242243
-6292,5039,-1356,"2022-04-13 10:22:45",1243236
-6292,5059,-1361,"2022-04-13 10:22:45",1244229
-6299,5062,-1356,"2022-04-13 10:22:45",1245222
-6273,5051,-1369,"2022-04-13 10:22:45",1246215
-6305,5030,-1377,"2022-04-13 10:22:45",1247208
-6273,5020,-1371,"2022-04-13 10:22:45",1248201
-6281,5052,-1386,"2022-04-13 10:22:45",1249194
-6298,5032,-1362,"2022-04-13 10:22:45",1250187
-6286,5020,-1355,"2022-04-13 10:22:45",1251180
-6297,5021,-1344,"2022-04-13 10:22:45",1252173
-6297,5046,-1367,"2022-04-13 10:22:45",1253166
-6283,5034,-1384,"2022-04-13 10:22:45",1254159
-6288,5000,-1371,"2022-04-13 10:22:45",1255152
-6310,5026,-1374,"2022-04-13 10:22:45",1256145
-6289,5052,-1365,"2022-04-13 10:22:45",1257138
-6285,5046,-1394,"2022-04-13 10:22:45",1258131
-6296,5043,-1346,"2022-04-13 10:22:45",1259124
-6308,5024,-1384,"2022-04-13 10:22:45",1260117
-6288,5024,-1364,"2022-04-13 10:22:45",1261110
-6321,5018,-1380,"2022-04-13 10:22:45",1262103
-6287,5028,-1362,"2022-04-13 10:22:45",1263096
-6278,5036,-1371,"2022-04-13 10:22:45",1264089
-6306,5038,-1394,"2022-04-13 10:22:45",1265082
-6316,5042,-1381,"2022-04-13 10:22:45",1266075
-6300,5029,-1365,"2022-04-13 10:22:45",1267068
-6272,5026,-1379,"2022-04-13 10:22:45",1268061
-6302,5040,-1362,"2022-04-13 10:22:45",1269054
-6279,5057,-1357,"2022-04-13 10:22:45",1270047
-6294,5034,-1370,"2022-04-13 10:22:45",1271040
-6305,5057,-1345,"2022-04-13 10:22:45",1272033
-6313,5056,-1360,"2022-04-13 10:22:45",1273026
-6293,5030,-1359,"2022-04-13 10:22:45",1274019
-6298,5039,-1361,"2022-04-13 10:22:45",1275012
-6294,5054,-1361,"2022-04-13 10:22:45",1276005
-6299,5029,-1355,"2022-04-13 10:22:45",1276998
-6289,5036,-1371,"2022-04-13 10:22:45",1277991
-6278,5056,-1383,"2022-04-13 10:22:45",1278984
-6303,5046,-1351,"2022-04-13 10:22:45",1279977
-6295,5028,-1344,"2022-04-13 10:22:45",1280970
-6292,5045,-1346,"2022-04-13 10:22:45",1281963
-6300,5052,-1350,"2022-04-13 10:22:45",1282956
-6309,5059,-1342,"2022-04-13 10:22:45",1283949
-6298,5038,-1366,"2022-04-13 10:22:45",1284942
-6295,5021,-1398,"2022-04-13 10:22:45",1285935
-6312,5038,-1399,"2022-04-13 10:22:45",1286928
-6300,5063,-1365,"2022-04-13 10:22:45",1287921
-6301,5037,-1370,"2022-04-13 10:22:45",1288914
-6296,5061,-1351,"2022-04-13 10:22:45",1289907
-6298,5036,-1382,"2022-04-13 10:22:45",1290900
-6306,5050,-1388,"2022-04-13 10:22:45",1291893
-6288,5046,-1382,"2022-04-13 10:22:45",1292886
-6312,5045,-1347,"2022-04-13 10:22:45",1293879
-6298,5053,-1344,"2022-04-13 10:22:45",1294872
-6309,5051,-1346,"2022-04-13 10:22:45",1295865
-6308,5040,-1352,"2022-04-13 10:22:45",1296858
-6297,5062,-1346,"2022-04-13 10:22:45",1297851
-6300,5043,-1345,"2022-04-13 10:22:45",1298844
-6288,5037,-1374,"2022-04-13 10:22:45",1299837
-6293,5050,-1410,"2022-04-13 10:22:45",1300830
-6277,5046,-1394,"2022-04-13 10:22:45",1301823
-6274,5055,-1356,"2022-04-13 10:22:45",1302816
-6269,5055,-1341,"2022-04-13 10:22:45",1303809
-6284,5060,-1374,"2022-04-13 10:22:45",1304802
-6303,5058,-1351,"2022-04-13 10:22:45",1305795
-6272,5022,-1365,"2022-04-13 10:22:45",1306788
-6278,5031,-1376,"2022-04-13 10:22:45",1307781
-6284,5037,-1378,"2022-04-13 10:22:45",1308774
-6288,5058,-1379,"2022-04-13 10:22:45",1309767
-6298,5054,-1365,"2022-04-13 10:22:45",1310760
-6283,5034,-1350,"2022-04-13 10:22:45",1311753
-6289,5043,-1366,"2022-04-13 10:22:45",1312746
-6285,5054,-1380,"2022-04-13 10:22:45",1313739
-6281,5063,-1378,"2022-04-13 10:22:45",1314732
-6296,5044,-1350,"2022-04-13 10:22:45",1315725
-6298,5034,-1350,"2022-04-13 10:22:45",1316718
-6286,5032,-1376,"2022-04-13 10:22:45",1317711
-6320,5052,-1370,"2022-04-13 10:22:45",1318704
-6283,5061,-1345,"2022-04-13 10:22:45",1319697
-6274,5052,-1374,"2022-04-13 10:22:45",1320690
-6298,5047,-1369,"2022-04-13 10:22:45",1321683
-6288,5045,-1377,"2022-04-13 10:22:45",1322676
-6296,5066,-1355,"2022-04-13 10:22:45",1323669
-6283,5052,-1346,"2022-04-13 10:22:45",1324662
-6294,5051,-1341,"2022-04-13 10:22:45",1325655
-6274,5036,-1356,"2022-04-13 10:22:45",1326648
-6283,5036,-1388,"2022-04-13 10:22:45",1327641
-6288,5059,-1378,"2022-04-13 10:22:45",1328634
-6285,5055,-1354,"2022-04-13 10:22:45",1329627
-6260,5049,-1344,"2022-04-13 10:22:45",1330620
-6268,5057,-1364,"2022-04-13 10:22:45",1331613
-6284,5047,-1374,"2022-04-13 10:22:45",1332606
-6288,5052,-1372,"2022-04-13 10:22:45",1333599
-6284,5039,-1360,"2022-04-13 10:22:45",1334592
-6279,5046,-1349,"2022-04-13 10:22:45",1335585
-6312,5046,-1370,"2022-04-13 10:22:45",1336578
-6293,5025,-1383,"2022-04-13 10:22:45",1337571
-6295,5045,-1379,"2022-04-13 10:22:45",1338564
-6320,5069,-1345,"2022-04-13 10:22:45",1339557
-6289,5034,-1356,"2022-04-13 10:22:45",1340550
-6307,5040,-1355,"2022-04-13 10:22:45",1341543
-6274,5041,-1360,"2022-04-13 10:22:45",1342536
-6296,5038,-1360,"2022-04-13 10:22:45",1343529
-6264,5052,-1372,"2022-04-13 10:22:45",1344522
-6284,5046,-1364,"2022-04-13 10:22:45",1345515
-6289,5021,-1360,"2022-04-13 10:22:45",1346508
-6298,5050,-1356,"2022-04-13 10:22:45",1347501
-6293,5061,-1370,"2022-04-13 10:22:45",1348494
-6289,5033,-1339,"2022-04-13 10:22:45",1349487
-6309,5046,-1346,"2022-04-13 10:22:45",1350480
-6307,5065,-1360,"2022-04-13 10:22:45",1351473
-6283,5054,-1369,"2022-04-13 10:22:45",1352466
-6282,5058,-1340,"2022-04-13 10:22:45",1353459
-6304,5043,-1368,"2022-04-13 10:22:45",1354452
-6310,5058,-1356,"2022-04-13 10:22:45",1355445
-6296,5038,-1362,"2022-04-13 10:22:45",1356438
-6298,5012,-1350,"2022-04-13 10:22:45",1357431
-6289,5042,-1360,"2022-04-13 10:22:45",1358424
-6278,5049,-1375,"2022-04-13 10:22:45",1359417
-6280,5064,-1349,"2022-04-13 10:22:45",1360410
-6300,5060,-1377,"2022-04-13 10:22:45",1361403
-6303,5070,-1391,"2022-04-13 10:22:45",1362396
-6308,5074,-1374,"2022-04-13 10:22:45",1363389
-6300,5068,-1357,"2022-04-13 10:22:45",1364382
-6287,5035,-1344,"2022-04-13 10:22:45",1365375
-6284,5048,-1369,"2022-04-13 10:22:45",1366368
-6290,5053,-1351,"2022-04-13 10:22:45",1367361
-6278,5055,-1370,"2022-04-13 10:22:45",1368354
-6282,5052,-1356,"2022-04-13 10:22:45",1369347
-6288,5054,-1357,"2022-04-13 10:22:45",1370340
-6291,5036,-1354,"2022-04-13 10:22:45",1371333
-6290,5036,-1349,"2022-04-13 10:22:45",1372326
-6274,5044,-1360,"2022-04-13 10:22:45",1373319
-6263,5049,-1365,"2022-04-13 10:22:45",1374312
-6283,5039,-1374,"2022-04-13 10:22:45",1375305
-6288,5044,-1386,"2022-04-13 10:22:45",1376298
-6272,5031,-1358,"2022-04-13 10:22:45",1377291
-6289,5022,-1373,"2022-04-13 10:22:45",1378284
-6298,5018,-1376,"2022-04-13 10:22:45",1379277
-6291,5044,-1375,"2022-04-13 10:22:45",1380270
-6302,5071,-1362,"2022-04-13 10:22:45",1381263
-6289,5074,-1367,"2022-04-13 10:22:45",1382256
-6288,5029,-1363,"2022-04-13 10:22:45",1383249
-6288,5051,-1373,"2022-04-13 10:22:45",1384242
-6298,5056,-1350,"2022-04-13 10:22:45",1385235
-6288,5030,-1344,"2022-04-13 10:22:45",1386228
-6275,5062,-1369,"2022-04-13 10:22:45",1387221
-6293,5054,-1365,"2022-04-13 10:22:45",1388214
-6278,5062,-1368,"2022-04-13 10:22:45",1389207
-6280,5035,-1380,"2022-04-13 10:22:45",1390200
-6307,5018,-1369,"2022-04-13 10:22:45",1391193
-6300,5034,-1352,"2022-04-13 10:22:45",1392186
-6300,5051,-1341,"2022-04-13 10:22:45",1393179
-6297,5036,-1350,"2022-04-13 10:22:45",1394172
-6288,5030,-1365,"2022-04-13 10:22:45",1395165
-6308,5030,-1352,"2022-04-13 10:22:45",1396158
-6295,5034,-1361,"2022-04-13 10:22:45",1397151
-6267,5030,-1354,"2022-04-13 10:22:45",1398144
-6276,5043,-1356,"2022-04-13 10:22:45",1399137
-6298,5087,-1372,"2022-04-13 10:22:45",1400130
-6284,5074,-1355,"2022-04-13 10:22:45",1401123
-6295,5070,-1356,"2022-04-13 10:22:45",1402116
-6308,5056,-1353,"2022-04-13 10:22:45",1403109
-6300,5060,-1367,"2022-04-13 10:22:45",1404102
-6286,5063,-1361,"2022-04-13 10:22:45",1405095
-6299,5062,-1345,"2022-04-13 10:22:45",1406088
-6278,5038,-1367,"2022-04-13 10:22:45",1407081
-6283,5044,-1380,"2022-04-13 10:22:45",1408074
-6285,5059,-1352,"2022-04-13 10:22:45",1409067
-6278,5055,-1371,"2022-04-13 10:22:45",1410060
-6269,5084,-1377,"2022-04-13 10:22:45",1411053
-6288,5068,-1364,"2022-04-13 10:22:45",1412046
-6299,5040,-1358,"2022-04-13 10:22:45",1413039
-6312,5055,-1360,"2022-04-13 10:22:45",1414032
-6287,5062,-1332,"2022-04-13 10:22:45",1415025
-6298,5074,-1356,"2022-04-13 10:22:45",1416018
-6301,5026,-1354,"2022-04-13 10:22:45",1417011
-6284,5044,-1367,"2022-04-13 10:22:45",1418004
-6281,5046,-1382,"2022-04-13 10:22:45",1418997
-6298,5054,-1366,"2022-04-13 10:22:45",1419990
-6298,5054,-1368,"2022-04-13 10:22:45",1420983
-6280,5059,-1349,"2022-04-13 10:22:45",1421976
-6303,5047,-1327,"2022-04-13 10:22:45",1422969
-6312,5051,-1328,"2022-04-13 10:22:45",1423962
-6292,5038,-1367,"2022-04-13 10:22:45",1424955
-6296,5044,-1359,"2022-04-13 10:22:45",1425948
-6299,5044,-1365,"2022-04-13 10:22:45",1426941
-6304,5064,-1361,"2022-04-13 10:22:45",1427934
-6308,5064,-1356,"2022-04-13 10:22:45",1428927
-6303,5054,-1366,"2022-04-13 10:22:45",1429920
-6299,5055,-1356,"2022-04-13 10:22:45",1430913
-6304,5054,-1351,"2022-04-13 10:22:45",1431906
-6308,5031,-1336,"2022-04-13 10:22:45",1432899
-6289,5057,-1357,"2022-04-13 10:22:45",1433892
-6282,5051,-1350,"2022-04-13 10:22:45",1434885
-6284,5045,-1369,"2022-04-13 10:22:45",1435878
-6292,5050,-1370,"2022-04-13 10:22:45",1436871
-6271,5046,-1348,"2022-04-13 10:22:45",1437864
-6289,5058,-1360,"2022-04-13 10:22:45",1438857
-6315,5046,-1350,"2022-04-13 10:22:45",1439850
-6284,5068,-1356,"2022-04-13 10:22:45",1440843
-6288,5042,-1375,"2022-04-13 10:22:45",1441836
-6307,5049,-1366,"2022-04-13 10:22:45",1442829
-6308,5052,-1386,"2022-04-13 10:22:45",1443822
-6284,5035,-1351,"2022-04-13 10:22:45",1444815
-6304,5030,-1361,"2022-04-13 10:22:45",1445808
-6280,5030,-1370,"2022-04-13 10:22:45",1446801
-6267,5028,-1379,"2022-04-13 10:22:45",1447794
-6288,5070,-1390,"2022-04-13 10:22:45",1448787
-6287,5070,-1363,"2022-04-13 10:22:45",1449780
-6286,5040,-1373,"2022-04-13 10:22:45",1450773
-6304,5047,-1334,"2022-04-13 10:22:45",1451766
-6268,5052,-1367,"2022-04-13 10:22:45",1452759
-6272,5036,-1390,"2022-04-13 10:22:45",1453752
-6286,5039,-1374,"2022-04-13 10:22:45",1454745
-6295,5054,-1361,"2022-04-13 10:22:45",1455738
-6298,5042,-1355,"2022-04-13 10:22:45",1456731
-6298,5050,-1357,"2022-04-13 10:22:45",1457724
-6290,5031,-1387,"2022-04-13 10:22:45",1458717
-6283,5062,-1362,"2022-04-13 10:22:45",1459710
-6299,5070,-1358,"2022-04-13 10:22:45",1460703
-6299,5053,-1361,"2022-04-13 10:22:45",1461696
-6307,5052,-1359,"2022-04-13 10:22:45",1462689
-6288,5033,-1365,"2022-04-13 10:22:45",1463682
-6285,5046,-1383,"2022-04-13 10:22:45",1464675
-6289,5076,-1371,"2022-04-13 10:22:45",1465668
-6283,5060,-1361,"2022-04-13 10:22:45",1466661
-6288,5036,-1354,"2022-04-13 10:22:45",1467654
-6272,5064,-1360,"2022-04-13 10:22:45",1468647
-6262,5046,-1370,"2022-04-13 10:22:45",1469640
-6281,5031,-1345,"2022-04-13 10:22:45",1470633
-6300,5048,-1350,"2022-04-13 10:22:45",1471626
-6295,5026,-1361,"2022-04-13 10:22:45",1472619
-6292,5042,-1380,"2022-04-13 10:22:45",1473612
-6278,5045,-1355,"2022-04-13 10:22:45",1474605
-6284,5062,-1362,"2022-04-13 10:22:45",1475598
-6298,5041,-1370,"2022-04-13 10:22:45",1476591
-6319,5044,-1356,"2022-04-13 10:22:45",1477584
-6288,5046,-1345,"2022-04-13 10:22:45",1478577
-6309,5047,-1350,"2022-04-13 10:22:45",1479570
-6291,5064,-1360,"2022-04-13 10:22:45",1480563
-6280,5060,-1359,"2022-04-13 10:22:45",1481556
-6280,5052,-1369,"2022-04-13 10:22:45",1482549
-6295,5070,-1372,"2022-04-13 10:22:45",1483542
-6294,5022,-1380,"2022-04-13 10:22:45",1484535
-6284,5039,-1380,"2022-04-13 10:22:45",1485528
-6282,5055,-1374,"2022-04-13 10:22:45",1486521
-6299,5046,-1355,"2022-04-13 10:22:45",1487514
-6308,5062,-1358,"2022-04-13 10:22:45",1488507
-6285,5068,-1355,"2022-04-13 10:22:45",1489500
-6288,5050,-1364,"2022-04-13 10:22:45",1490493
-6288,5027,-1360,"2022-04-13 10:22:45",1491486
-6314,5067,-1347,"2022-04-13 10:22:45",1492479
-6307,5029,-1366,"2022-04-13 10:22:45",1493472
-6278,5044,-1370,"2022-04-13 10:22:45",1494465
-6294,5060,-1388,"2022-04-13 10:22:45",1495458
-6306,5072,-1370,"2022-04-13 10:22:45",1496451
-6298,5074,-1360,"2022-04-13 10:22:45",1497444
-6263,5045,-1360,"2022-04-13 10:22:45",1498437
-6272,5037,-1394,"2022-04-13 10:22:45",1499430
-6279,5040,-1380,"2022-04-13 10:22:45",1500423
-6290,5038,-1395,"2022-04-13 10:22:45",1501416
-6308,5046,-1409,"2022-04-13 10:22:45",1502409
-6297,5044,-1380,"2022-04-13 10:22:45",1503402
-6297,5017,-1374,"2022-04-13 10:22:45",1504395
-6279,5043,-1347,"2022-04-13 10:22:45",1505388
-6279,5062,-1366,"2022-04-13 10:22:45",1506381
-6288,5054,-1343,"2022-04-13 10:22:45",1507374
-6280,5030,-1336,"2022-04-13 10:22:45",1508367
-6288,5057,-1370,"2022-04-13 10:22:45",1509360
-6283,5042,-1346,"2022-04-13 10:22:45",1510353
-6293,5070,-1377,"2022-04-13 10:22:45",1511346
-6282,5064,-1374,"2022-04-13 10:22:45",1512339
-6299,5046,-1392,"2022-04-13 10:22:45",1513332
-6298,5050,-1386,"2022-04-13 10:22:45",1514325
-6282,5048,-1356,"2022-04-13 10:22:45",1515318
-6289,5059,-1375,"2022-04-13 10:22:45",1516311
-6288,5041,-1362,"2022-04-13 10:22:45",1517304
-6309,5027,-1376,"2022-04-13 10:22:45",1518297
-6295,5028,-1396,"2022-04-13 10:22:45",1519290
-6297,5034,-1390,"2022-04-13 10:22:45",1520283
-6310,5035,-1365,"2022-04-13 10:22:45",1521276
-6301,5034,-1361,"2022-04-13 10:22:45",1522269
-6278,5054,-1390,"2022-04-13 10:22:45",1523262
-6278,5043,-1390,"2022-04-13 10:22:45",1524255
-6278,5052,-1367,"2022-04-13 10:22:45",1525248
-6303,5054,-1364,"2022-04-13 10:22:45",1526241
-6290,5034,-1370,"2022-04-13 10:22:45",1527234
-6284,5045,-1382,"2022-04-13 10:22:45",1528227
-6282,5044,-1375,"2022-04-13 10:22:45",1529220
-6319,5051,-1376,"2022-04-13 10:22:45",1530213
-6311,5046,-1372,"2022-04-13 10:22:45",1531206
-6287,5042,-1361,"2022-04-13 10:22:45",1532199
-6290,5039,-1341,"2022-04-13 10:22:45",1533192
-6296,5046,-1350,"2022-04-13 10:22:45",1534185
-6303,5047,-1369,"2022-04-13 10:22:45",1535178
-6303,5034,-1359,"2022-04-13 10:22:45",1536171
-6292,5054,-1386,"2022-04-13 10:22:45",1537164
-6276,5055,-1373,"2022-04-13 10:22:45",1538157
-6300,5034,-1369,"2022-04-13 10:22:45",1539150
-6285,5056,-1373,"2022-04-13 10:22:45",1540143
-6302,5044,-1351,"2022-04-13 10:22:45",1541136
-6290,5039,-1379,"2022-04-13 10:22:45",1542129
-6288,5028,-1368,"2022-04-13 10:22:45",1543122
-6310,5045,-1361,"2022-04-13 10:22:45",1544115
-6295,5039,-1362,"2022-04-13 10:22:45",1545108
-6257,5050,-1355,"2022-04-13 10:22:45",1546101
-6260,5052,-1380,"2022-04-13 10:22:45",1547094
-6283,5045,-1379,"2022-04-13 10:22:45",1548087
-6272,5034,-1336,"2022-04-13 10:22:45",1549080
-6294,5027,-1350,"2022-04-13 10:22:45",1550073
-6295,5046,-1357,"2022-04-13 10:22:45",1551066
-6294,5036,-1406,"2022-04-13 10:22:45",1552059
-6311,5028,-1374,"2022-04-13 10:22:45",1553052
-6286,5050,-1388,"2022-04-13 10:22:45",1554045
-6304,5027,-1374,"2022-04-13 10:22:45",1555038
-6308,5042,-1335,"2022-04-13 10:22:45",1556031
-6292,5041,-1360,"2022-04-13 10:22:45",1557024
-6297,5044,-1334,"2022-04-13 10:22:45",1558017
-6301,5046,-1346,"2022-04-13 10:22:45",1559010
-6305,5049,-1376,"2022-04-13 10:22:45",1560003
-6283,5050,-1383,"2022-04-13 10:22:45",1560996
-6288,5036,-1376,"2022-04-13 10:22:45",1561989
-6288,5021,-1362,"2022-04-13 10:22:45",1562982
-6298,5070,-1362,"2022-04-13 10:22:45",1563975
-6293,5052,-1365,"2022-04-13 10:22:45",1564968
-6315,5058,-1375,"2022-04-13 10:22:45",1565961
-6308,5042,-1357,"2022-04-13 10:22:45",1566954
-6295,5053,-1354,"2022-04-13 10:22:45",1567947
-6283,5039,-1375,"2022-04-13 10:22:45",1568940
-6292,5018,-1364,"2022-04-13 10:22:45",1569933
-6311,5022,-1380,"2022-04-13 10:22:45",1570926
-6298,5040,-1393,"2022-04-13 10:22:45",1571919
-6298,5019,-1379,"2022-04-13 10:22:45",1572912
-6280,5037,-1360,"2022-04-13 10:22:45",1573905
-6283,5043,-1370,"2022-04-13 10:22:45",1574898
-6282,5046,-1376,"2022-04-13 10:22:45",1575891
-6298,5062,-1368,"2022-04-13 10:22:45",1576884
-6298,5074,-1369,"2022-04-13 10:22:45",1577877
-6293,5067,-1398,"2022-04-13 10:22:45",1578870
-6307,5050,-1371,"2022-04-13 10:22:45",1579863
-6294,5041,-1392,"2022-04-13 10:22:45",1580856
-6278,5052,-1379,"2022-04-13 10:22:45",1581849
-6302,5061,-1364,"2022-04-13 10:22:45",1582842
-6293,5046,-1349,"2022-04-13 10:22:45",1583835
-6278,5036,-1366,"2022-04-13 10:22:45",1584828
-6297,5039,-1367,"2022-04-13 10:22:45",1585821
-6294,5038,-1366,"2022-04-13 10:22:45",1586814
-6304,5048,-1370,"2022-04-13 10:22:45",1587807
-6312,5045,-1355,"2022-04-13 10:22:45",1588800
-6308,5030,-1356,"2022-04-13 10:22:45",1589793
-6303,5020,-1374,"2022-04-13 10:22:45",1590786
-6282,5037,-1410,"2022-04-13 10:22:45",1591779
-6295,5055,-1359,"2022-04-13 10:22:45",1592772
-6283,5051,-1372,"2022-04-13 10:22:45",1593765
-6304,5050,-1337,"2022-04-13 10:22:45",1594758
-6318,5054,-1376,"2022-04-13 10:22:45",1595751
-6302,5049,-1387,"2022-04-13 10:22:45",1596744
-6290,5064,-1356,"2022-04-13 10:22:45",1597737
-6298,5062,-1354,"2022-04-13 10:22:45",1598730
-6301,5050,-1387,"2022-04-13 10:22:45",1599723
-6292,5037,-1359,"2022-04-13 10:22:45",1600716
-6298,5030,-1370,"2022-04-13 10:22:45",1601709
-6299,5036,-1360,"2022-04-13 10:22:45",1602702
-6291,5044,-1352,"2022-04-13 10:22:45",1603695
-6288,5076,-1346,"2022-04-13 10:22:45",1604688
-6304,5058,-1375,"2022-04-13 10:22:45",1605681
-6300,5036,-1360,"2022-04-13 10:22:45",1606674
-6298,5024,-1340,"2022-04-13 10:22:45",1607667
-6310,5062,-1352,"2022-04-13 10:22:45",1608660
-6288,5058,-1374,"2022-04-13 10:22:45",1609653
-6301,5064,-1386,"2022-04-13 10:22:45",1610646
-6305,5067,-1375,"2022-04-13 10:22:45",1611639
-6282,5046,-1374,"2022-04-13 10:22:45",1612632
-6278,5050,-1377,"2022-04-13 10:22:45",1613625
-6297,5042,-1375,"2022-04-13 10:22:45",1614618
-6279,5058,-1347,"2022-04-13 10:22:45",1615611
-6297,5048,-1356,"2022-04-13 10:22:45",1616604
-6308,5040,-1357,"2022-04-13 10:22:45",1617597
-6302,5051,-1366,"2022-04-13 10:22:45",1618590
-6288,5050,-1376,"2022-04-13 10:22:45",1619583
-6286,5057,-1385,"2022-04-13 10:22:45",1620576
-6298,5076,-1386,"2022-04-13 10:22:45",1621569
-6291,5052,-1373,"2022-04-13 10:22:45",1622562
-6298,5028,-1340,"2022-04-13 10:22:45",1623555
-6298,5043,-1379,"2022-04-13 10:22:45",1624548
-6308,5052,-1365,"2022-04-13 10:22:45",1625541
-6296,5037,-1378,"2022-04-13 10:22:45",1626534
-6287,5036,-1382,"2022-04-13 10:22:45",1627527
-6305,5044,-1366,"2022-04-13 10:22:45",1628520
-6304,5020,-1350,"2022-04-13 10:22:45",1629513
-6297,5053,-1362,"2022-04-13 10:22:45",1630506
-6295,5045,-1349,"2022-04-13 10:22:45",1631499
-6302,5036,-1389,"2022-04-13 10:22:45",1632492
-6305,5046,-1388,"2022-04-13 10:22:45",1633485
-6270,5050,-1382,"2022-04-13 10:22:45",1634478
-6293,5074,-1370,"2022-04-13 10:22:45",1635471
-6283,5038,-1363,"2022-04-13 10:22:45",1636464
-6295,5062,-1362,"2022-04-13 10:22:45",1637457
-6288,5047,-1380,"2022-04-13 10:22:45",1638450
-6268,5067,-1367,"2022-04-13 10:22:45",1639443
-6277,5061,-1378,"2022-04-13 10:22:45",1640436
-6298,5038,-1372,"2022-04-13 10:22:45",1641429
-6298,5030,-1375,"2022-04-13 10:22:45",1642422
-6306,5039,-1376,"2022-04-13 10:22:45",1643415
-6310,5054,-1376,"2022-04-13 10:22:45",1644408
-6298,5038,-1376,"2022-04-13 10:22:45",1645401
-6305,5037,-1360,"2022-04-13 10:22:45",1646394
-6269,5050,-1354,"2022-04-13 10:22:45",1647387
-6264,5046,-1358,"2022-04-13 10:22:45",1648380
-6324,5060,-1374,"2022-04-13 10:22:45",1649373
-6303,5043,-1372,"2022-04-13 10:22:45",1650366
-6294,5052,-1360,"2022-04-13 10:22:45",1651359
-6279,5028,-1386,"2022-04-13 10:22:45",1652352
-6304,5041,-1370,"2022-04-13 10:22:45",1653345
-6298,5049,-1379,"2022-04-13 10:22:45",1654338
-6296,5060,-1384,"2022-04-13 10:22:45",1655331
-6284,5064,-1357,"2022-04-13 10:22:45",1656324
-6283,5066,-1351,"2022-04-13 10:22:45",1657317
-6298,5074,-1352,"2022-04-13 10:22:45",1658310
-6294,5060,-1370,"2022-04-13 10:22:45",1659303
-6288,5052,-1380,"2022-04-13 10:22:45",1660296
-6304,5058,-1364,"2022-04-13 10:22:45",1661289
-6288,5059,-1359,"2022-04-13 10:22:45",1662282
-6295,5054,-1356,"2022-04-13 10:22:45",1663275
-6289,5062,-1386,"2022-04-13 10:22:45",1664268
-6311,5039,-1417,"2022-04-13 10:22:45",1665261
-6306,5044,-1386,"2022-04-13 10:22:45",1666254
-6293,5043,-1334,"2022-04-13 10:22:45",1667247
-6312,5046,-1348,"2022-04-13 10:22:45",1668240
-6299,5055,-1385,"2022-04-13 10:22:45",1669233
-6321,5069,-1365,"2022-04-13 10:22:45",1670226
-6300,5054,-1369,"2022-04-13 10:22:45",1671219
-6293,5050,-1373,"2022-04-13 10:22:45",1672212
-6317,5047,-1368,"2022-04-13 10:22:45",1673205
-6294,5047,-1385,"2022-04-13 10:22:45",1674198
-6284,5029,-1355,"2022-04-13 10:22:45",1675191
-6291,5036,-1369,"2022-04-13 10:22:45",1676184
-6285,5028,-1351,"2022-04-13 10:22:45",1677177
-6298,5038,-1356,"2022-04-13 10:22:45",1678170
-6295,5030,-1360,"2022-04-13 10:22:45",1679163
-6288,5037,-1375,"2022-04-13 10:22:45",1680156
-6292,5044,-1390,"2022-04-13 10:22:45",1681149
-6289,5040,-1382,"2022-04-13 10:22:45",1682142
-6302,5053,-1396,"2022-04-13 10:22:45",1683135
-6306,5057,-1382,"2022-04-13 10:22:45",1684128
-6274,5064,-1370,"2022-04-13 10:22:45",1685121
-6295,5053,-1394,"2022-04-13 10:22:45",1686114
-6288,5019,-1392,"2022-04-13 10:22:45",1687107
-6270,5039,-1384,"2022-04-13 10:22:45",1688100
-6294,5031,-1402,"2022-04-13 10:22:45",1689093
-6300,5036,-1390,"2022-04-13 10:22:45",1690086
-6288,5029,-1367,"2022-04-13 10:22:45",1691079
-6298,5034,-1374,"2022-04-13 10:22:45",1692072
-6314,5016,-1376,"2022-04-13 10:22:45",1693065
-6302,5030,-1385,"2022-04-13 10:22:45",1694058
-6286,5049,-1370,"2022-04-13 10:22:45",1695051
-6305,5052,-1360,"2022-04-13 10:22:45",1696044
-6277,5023,-1329,"2022-04-13 10:22:45",1697037
-6288,5069,-1351,"2022-04-13 10:22:45",1698030
-6306,5059,-1397,"2022-04-13 10:22:45",1699023
-6298,5046,-1386,"2022-04-13 10:22:45",1700016
-6291,5056,-1399,"2022-04-13 10:22:45",1701009
-6283,5044,-1380,"2022-04-13 10:22:45",1702002
-6284,5054,-1359,"2022-04-13 10:22:45",1702995
-6285,5041,-1368,"2022-04-13 10:22:45",1703988
-6308,5047,-1374,"2022-04-13 10:22:45",1704981
-6296,5046,-1362,"2022-04-13 10:22:45",1705974
-6294,5045,-1386,"2022-04-13 10:22:45",1706967
-6302,5054,-1380,"2022-04-13 10:22:45",1707960
-6295,5056,-1372,"2022-04-13 10:22:45",1708953
-6288,5043,-1386,"2022-04-13 10:22:45",1709946
-6311,5044,-1386,"2022-04-13 10:22:45",1710939
-6295,5058,-1391,"2022-04-13 10:22:45",1711932
-6313,5036,-1390,"2022-04-13 10:22:45",1712925
-6321,5042,-1386,"2022-04-13 10:22:45",1713918
-6306,5044,-1385,"2022-04-13 10:22:45",1714911
-6284,5018,-1369,"2022-04-13 10:22:45",1715904
-6272,5020,-1364,"2022-04-13 10:22:45",1716897
-6298,5042,-1370,"2022-04-13 10:22:45",1717890
-6288,5043,-1350,"2022-04-13 10:22:45",1718883
-6312,5063,-1370,"2022-04-13 10:22:45",1719876
-6298,5046,-1372,"2022-04-13 10:22:45",1720869
-6297,5052,-1376,"2022-04-13 10:22:45",1721862
-6310,5044,-1352,"2022-04-13 10:22:45",1722855
-6311,5042,-1337,"2022-04-13 10:22:45",1723848
-6313,5045,-1344,"2022-04-13 10:22:45",1724841
-6293,5054,-1355,"2022-04-13 10:22:45",1725834
-6292,5034,-1355,"2022-04-13 10:22:45",1726827
-6281,5054,-1393,"2022-04-13 10:22:45",1727820
-6313,5037,-1364,"2022-04-13 10:22:45",1728813
-6312,5036,-1359,"2022-04-13 10:22:45",1729806
-6314,5046,-1350,"2022-04-13 10:22:45",1730799
-6308,5044,-1356,"2022-04-13 10:22:45",1731792
-6288,5044,-1369,"2022-04-13 10:22:45",1732785
-6286,5050,-1377,"2022-04-13 10:22:45",1733778
-6298,5040,-1386,"2022-04-13 10:22:45",1734771
-6303,5054,-1396,"2022-04-13 10:22:45",1735764
-6288,5038,-1378,"2022-04-13 10:22:45",1736757
-6280,5034,-1372,"2022-04-13 10:22:45",1737750
-6295,5051,-1364,"2022-04-13 10:22:45",1738743
-6298,5052,-1398,"2022-04-13 10:22:45",1739736
-6288,5061,-1375,"2022-04-13 10:22:45",1740729
-6294,5060,-1329,"2022-04-13 10:22:45",1741722
-6308,5061,-1340,"2022-04-13 10:22:45",1742715
-6305,5051,-1374,"2022-04-13 10:22:45",1743708
-6298,5050,-1381,"2022-04-13 10:22:45",1744701
-6303,5054,-1374,"2022-04-13 10:22:45",1745694
-6308,5059,-1380,"2022-04-13 10:22:45",1746687
-6304,5068,-1385,"2022-04-13 10:22:45",1747680
-6299,5086,-1390,"2022-04-13 10:22:45",1748673
-6299,5059,-1360,"2022-04-13 10:22:45",1749666
-6314,5036,-1355,"2022-04-13 10:22:45",1750659
-6303,5046,-1403,"2022-04-13 10:22:45",1751652
-6333,5039,-1384,"2022-04-13 10:22:45",1752645
-6298,5050,-1368,"2022-04-13 10:22:45",1753638
-6274,5027,-1354,"2022-04-13 10:22:45",1754631
-6288,5037,-1355,"2022-04-13 10:22:45",1755624
-6307,5030,-1332,"2022-04-13 10:22:45",1756617
-6303,5052,-1350,"2022-04-13 10:22:45",1757610
-6304,5041,-1379,"2022-04-13 10:22:45",1758603
-6287,5054,-1373,"2022-04-13 10:22:45",1759596
-6284,5026,-1370,"2022-04-13 10:22:45",1760589
-6310,5036,-1397,"2022-04-13 10:22:45",1761582
-6301,5042,-1388,"2022-04-13 10:22:45",1762575
-6310,5057,-1364,"2022-04-13 10:22:45",1763568
-6298,5034,-1370,"2022-04-13 10:22:45",1764561
-6301,5044,-1354,"2022-04-13 10:22:45",1765554
-6300,5059,-1361,"2022-04-13 10:22:45",1766547
-6293,5050,-1376,"2022-04-13 10:22:45",1767540
-6308,5051,-1364,"2022-04-13 10:22:45",1768533
-6288,5055,-1354,"2022-04-13 10:22:45",1769526
-6296,5068,-1353,"2022-04-13 10:22:45",1770519
-6326,5070,-1385,"2022-04-13 10:22:45",1771512
-6285,5071,-1368,"2022-04-13 10:22:45",1772505
-6298,5039,-1364,"2022-04-13 10:22:45",1773498
-6285,5055,-1376,"2022-04-13 10:22:45",1774491
-6285,5082,-1367,"2022-04-13 10:22:45",1775484
-6297,5053,-1372,"2022-04-13 10:22:45",1776477
-6288,5058,-1361,"2022-04-13 10:22:45",1777470
-6285,5039,-1360,"2022-04-13 10:22:45",1778463
-6294,5022,-1364,"2022-04-13 10:22:45",1779456
-6306,5053,-1351,"2022-04-13 10:22:45",1780449
-6298,5061,-1373,"2022-04-13 10:22:45",1781442
-6308,5046,-1364,"2022-04-13 10:22:45",1782435
-6294,5060,-1366,"2022-04-13 10:22:45",1783428
-6295,5040,-1387,"2022-04-13 10:22:45",1784421
-6274,5067,-1369,"2022-04-13 10:22:45",1785414
-6304,5052,-1390,"2022-04-13 10:22:45",1786407
-6308,5034,-1366,"2022-04-13 10:22:45",1787400
-6302,5046,-1364,"2022-04-13 10:22:45",1788393
-6292,5030,-1370,"2022-04-13 10:22:45",1789386
-6289,5035,-1374,"2022-04-13 10:22:45",1790379
-6327,5038,-1371,"2022-04-13 10:22:45",1791372
-6307,5059,-1340,"2022-04-13 10:22:45",1792365
-6255,5047,-1374,"2022-04-13 10:22:45",1793358
-6295,5067,-1372,"2022-04-13 10:22:45",1794351
-6308,5054,-1390,"2022-04-13 10:22:45",1795344
-6285,5049,-1390,"2022-04-13 10:22:45",1796337
-6293,5033,-1379,"2022-04-13 10:22:45",1797330
-6288,5053,-1372,"2022-04-13 10:22:45",1798323
-6299,5051,-1391,"2022-04-13 10:22:45",1799316
-6298,5054,-1376,"2022-04-13 10:22:45",1800309
-6297,5046,-1391,"2022-04-13 10:22:45",1801302
-6286,5071,-1390,"2022-04-13 10:22:45",1802295
-6303,5056,-1382,"2022-04-13 10:22:45",1803288
-6290,5054,-1364,"2022-04-13 10:22:45",1804281
-6303,5051,-1370,"2022-04-13 10:22:45",1805274
-6278,5046,-1388,"2022-04-13 10:22:45",1806267
-6274,5053,-1386,"2022-04-13 10:22:45",1807260
-6294,5040,-1382,"2022-04-13 10:22:45",1808253
-6297,5058,-1357,"2022-04-13 10:22:45",1809246
-6286,5058,-1343,"2022-04-13 10:22:45",1810239
-6294,5066,-1353,"2022-04-13 10:22:45",1811232
-6284,5055,-1361,"2022-04-13 10:22:45",1812225
-6284,5063,-1372,"2022-04-13 10:22:45",1813218
-6293,5044,-1351,"2022-04-13 10:22:45",1814211
-6300,5064,-1380,"2022-04-13 10:22:45",1815204
-6283,5055,-1348,"2022-04-13 10:22:45",1816197
-6289,5039,-1368,"2022-04-13 10:22:45",1817190
-6308,5051,-1366,"2022-04-13 10:22:45",1818183
-6295,5050,-1379,"2022-04-13 10:22:45",1819176
-6308,5054,-1373,"2022-04-13 10:22:45",1820169
-6287,5059,-1370,"2022-04-13 10:22:45",1821162
-6292,5043,-1384,"2022-04-13 10:22:45",1822155
-6284,5044,-1370,"2022-04-13 10:22:45",1823148
-6308,5054,-1363,"2022-04-13 10:22:45",1824141
-6305,5029,-1366,"2022-04-13 10:22:45",1825134
-6303,5042,-1357,"2022-04-13 10:22:45",1826127
-6306,5069,-1386,"2022-04-13 10:22:45",1827120
-6294,5050,-1356,"2022-04-13 10:22:45",1828113
-6278,5036,-1360,"2022-04-13 10:22:45",1829106
-6303,5039,-1388,"2022-04-13 10:22:45",1830099
-6293,5053,-1394,"2022-04-13 10:22:45",1831092
-6272,5033,-1364,"2022-04-13 10:22:45",1832085
-6291,5052,-1352,"2022-04-13 10:22:45",1833078
-6277,5063,-1395,"2022-04-13 10:22:45",1834071
-6302,5046,-1363,"2022-04-13 10:22:45",1835064
-6302,5036,-1371,"2022-04-13 10:22:45",1836057
-6298,5042,-1390,"2022-04-13 10:22:45",1837050
-6273,5038,-1357,"2022-04-13 10:22:45",1838043
-6299,5039,-1340,"2022-04-13 10:22:45",1839036
-6293,5032,-1350,"2022-04-13 10:22:45",1840029
-6293,5047,-1366,"2022-04-13 10:22:45",1841022
-6303,5042,-1390,"2022-04-13 10:22:45",1842015
-6285,5042,-1367,"2022-04-13 10:22:45",1843008
-6318,5055,-1342,"2022-04-13 10:22:45",1844001
-6308,5068,-1356,"2022-04-13 10:22:45",1844994
-6308,5054,-1334,"2022-04-13 10:22:45",1845987
-6293,5042,-1367,"2022-04-13 10:22:45",1846980
-6293,5028,-1379,"2022-04-13 10:22:45",1847973
-6296,5023,-1380,"2022-04-13 10:22:45",1848966
-6315,5037,-1357,"2022-04-13 10:22:45",1849959
-6300,5066,-1367,"2022-04-13 10:22:45",1850952
-6293,5059,-1362,"2022-04-13 10:22:45",1851945
-6290,5060,-1360,"2022-04-13 10:22:45",1852938
-6298,5038,-1379,"2022-04-13 10:22:45",1853931
-6304,5042,-1379,"2022-04-13 10:22:45",1854924
-6303,5043,-1396,"2022-04-13 10:22:45",1855917
-6283,5013,-1365,"2022-04-13 10:22:45",1856910
-6294,5063,-1361,"2022-04-13 10:22:45",1857903
-6298,5096,-1364,"2022-04-13 10:22:45",1858896
-6296,5063,-1398,"2022-04-13 10:22:45",1859889
-6287,5054,-1406,"2022-04-13 10:22:45",1860882
-6288,5054,-1374,"2022-04-13 10:22:45",1861875
-6287,5051,-1369,"2022-04-13 10:22:45",1862868
-6289,5064,-1365,"2022-04-13 10:22:45",1863861
-6299,5072,-1369,"2022-04-13 10:22:45",1864854
-6301,5030,-1381,"2022-04-13 10:22:45",1865847
-6297,5040,-1373,"2022-04-13 10:22:45",1866840
-6278,5076,-1362,"2022-04-13 10:22:45",1867833
-6272,5049,-1390,"2022-04-13 10:22:45",1868826
-6286,5038,-1358,"2022-04-13 10:22:45",1869819
-6270,5041,-1359,"2022-04-13 10:22:45",1870812
-6316,5058,-1359,"2022-04-13 10:22:45",1871805
-6312,5054,-1373,"2022-04-13 10:22:45",1872798
-6308,5060,-1379,"2022-04-13 10:22:45",1873791
-6308,5060,-1374,"2022-04-13 10:22:45",1874784
-6304,5044,-1380,"2022-04-13 10:22:45",1875777
-6297,5065,-1383,"2022-04-13 10:22:45",1876770
-6272,5049,-1369,"2022-04-13 10:22:45",1877763
-6299,5043,-1363,"2022-04-13 10:22:45",1878756
-6301,5060,-1389,"2022-04-13 10:22:45",1879749
-6291,5041,-1404,"2022-04-13 10:22:45",1880742
-6311,5025,-1371,"2022-04-13 10:22:45",1881735
-6291,5054,-1365,"2022-04-13 10:22:45",1882728
-6288,5042,-1360,"2022-04-13 10:22:45",1883721
-6290,5028,-1360,"2022-04-13 10:22:45",1884714
-6294,5038,-1388,"2022-04-13 10:22:45",1885707
-6295,5024,-1355,"2022-04-13 10:22:45",1886700
-6278,5039,-1355,"2022-04-13 10:22:45",1887693
-6304,5055,-1360,"2022-04-13 10:22:45",1888686
-6285,5050,-1371,"2022-04-13 10:22:45",1889679
-6282,5049,-1386,"2022-04-13 10:22:45",1890672
-6295,5056,-1384,"2022-04-13 10:22:45",1891665
-6288,5042,-1386,"2022-04-13 10:22:45",1892658
-6288,5049,-1394,"2022-04-13 10:22:45",1893651
-6294,5030,-1385,"2022-04-13 10:22:45",1894644
-6288,5051,-1375,"2022-04-13 10:22:45",1895637
-6290,5037,-1340,"2022-04-13 10:22:45",1896630
-6308,5018,-1345,"2022-04-13 10:22:45",1897623
-6298,5050,-1351,"2022-04-13 10:22:45",1898616
-6298,5054,-1340,"2022-04-13 10:22:45",1899609
-6314,5038,-1336,"2022-04-13 10:22:45",1900602
-6315,5040,-1376,"2022-04-13 10:22:45",1901595
-6288,5046,-1385,"2022-04-13 10:22:45",1902588
-6288,5037,-1369,"2022-04-13 10:22:45",1903581
-6288,5055,-1372,"2022-04-13 10:22:45",1904574
-6278,5037,-1347,"2022-04-13 10:22:45",1905567
-6288,5057,-1375,"2022-04-13 10:22:45",1906560
-6288,5042,-1367,"2022-04-13 10:22:45",1907553
-6285,5035,-1352,"2022-04-13 10:22:45",1908546
-6296,5047,-1363,"2022-04-13 10:22:45",1909539
-6287,5035,-1359,"2022-04-13 10:22:45",1910532
-6298,5051,-1377,"2022-04-13 10:22:45",1911525
-6292,5053,-1357,"2022-04-13 10:22:45",1912518
-6288,5070,-1350,"2022-04-13 10:22:45",1913511
-6291,5057,-1364,"2022-04-13 10:22:45",1914504
-6272,5054,-1350,"2022-04-13 10:22:45",1915497
-6296,5043,-1354,"2022-04-13 10:22:45",1916490
-6298,5036,-1366,"2022-04-13 10:22:45",1917483
-6304,5060,-1361,"2022-04-13 10:22:45",1918476
-6277,5054,-1356,"2022-04-13 10:22:45",1919469
-6276,5028,-1369,"2022-04-13 10:22:45",1920462
-6277,5050,-1370,"2022-04-13 10:22:45",1921455
-6288,5047,-1364,"2022-04-13 10:22:45",1922448
-6286,5060,-1358,"2022-04-13 10:22:45",1923441
-6308,5074,-1379,"2022-04-13 10:22:45",1924434
-6305,5072,-1365,"2022-04-13 10:22:45",1925427
-6290,5040,-1370,"2022-04-13 10:22:45",1926420
-6298,5040,-1354,"2022-04-13 10:22:45",1927413
-6278,5054,-1364,"2022-04-13 10:22:45",1928406
-6285,5040,-1361,"2022-04-13 10:22:45",1929399
-6301,5040,-1390,"2022-04-13 10:22:45",1930392
-6298,5068,-1374,"2022-04-13 10:22:45",1931385
-6305,5055,-1367,"2022-04-13 10:22:45",1932378
-6304,5076,-1370,"2022-04-13 10:22:45",1933371
-6295,5054,-1360,"2022-04-13 10:22:45",1934364
-6280,5036,-1371,"2022-04-13 10:22:45",1935357
-6296,5057,-1355,"2022-04-13 10:22:45",1936350
-6302,5038,-1348,"2022-04-13 10:22:45",1937343
-6283,5053,-1376,"2022-04-13 10:22:45",1938336
-6280,5054,-1375,"2022-04-13 10:22:45",1939329
-6283,5051,-1380,"2022-04-13 10:22:45",1940322
-6270,5048,-1360,"2022-04-13 10:22:45",1941315
-6299,5045,-1358,"2022-04-13 10:22:45",1942308
-6297,5020,-1329,"2022-04-13 10:22:45",1943301
-6295,5003,-1366,"2022-04-13 10:22:45",1944294
-6302,5070,-1376,"2022-04-13 10:22:45",1945287
-6301,5070,-1359,"2022-04-13 10:22:45",1946280
-6298,5086,-1356,"2022-04-13 10:22:45",1947273
-6300,5060,-1344,"2022-04-13 10:22:45",1948266
-6308,5041,-1374,"2022-04-13 10:22:45",1949259
-6316,5046,-1366,"2022-04-13 10:22:45",1950252
-6293,5061,-1361,"2022-04-13 10:22:45",1951245
-6312,5050,-1373,"2022-04-13 10:22:45",1952238
-6304,5036,-1365,"2022-04-13 10:22:45",1953231
-6297,5055,-1380,"2022-04-13 10:22:45",1954224
-6298,5064,-1368,"2022-04-13 10:22:45",1955217
-6298,5049,-1371,"2022-04-13 10:22:45",1956210
-6288,5067,-1384,"2022-04-13 10:22:45",1957203
-6284,5059,-1370,"2022-04-13 10:22:45",1958196
-6298,5046,-1360,"2022-04-13 10:22:45",1959189
-6283,5038,-1380,"2022-04-13 10:22:45",1960182
-6332,5043,-1370,"2022-04-13 10:22:45",1961175
-6287,5044,-1373,"2022-04-13 10:22:45",1962168
-6291,5043,-1370,"2022-04-13 10:22:45",1963161
-6301,5059,-1358,"2022-04-13 10:22:45",1964154
-6293,5060,-1370,"2022-04-13 10:22:45",1965147
-6288,5054,-1355,"2022-04-13 10:22:45",1966140
-6277,5043,-1374,"2022-04-13 10:22:45",1967133
26899,-15366,-23895,"2022-04-13 10:22:45",1968126
-6300,5044,-1320,"2022-04-13 10:22:45",1969119
-6302,5020,-1366,"2022-04-13 10:22:45",1970112
-6286,5056,-1366,"2022-04-13 10:22:45",1971105
-6272,5039,-1353,"2022-04-13 10:22:45",1972098
-6280,5064,-1358,"2022-04-13 10:22:45",1973091
-6294,5053,-1354,"2022-04-13 10:22:45",1974084
-6280,5071,-1365,"2022-04-13 10:22:45",1975077
-6294,5053,-1351,"2022-04-13 10:22:45",1976070
-6289,5039,-1355,"2022-04-13 10:22:45",1977063
-6309,5055,-1348,"2022-04-13 10:22:45",1978056
-6289,5052,-1354,"2022-04-13 10:22:45",1979049
-6292,5055,-1340,"2022-04-13 10:22:45",1980042
-6298,5060,-1331,"2022-04-13 10:22:45",1981035
-6292,5046,-1354,"2022-04-13 10:22:45",1982028
-6273,5042,-1365,"2022-04-13 10:22:45",1983021
-6309,5050,-1365,"2022-04-13 10:22:45",1984014
-6295,5044,-1375,"2022-04-13 10:22:45",1985007
-6304,5076,-1358,"2022-04-13 10:22:45",1986000
-6298,5061,-1363,"2022-04-13 10:22:45",1986993
-6321,5053,-1385,"2022-04-13 10:22:45",1987986
-6309,5044,-1341,"2022-04-13 10:22:45",1988979
-6326,5032,-1369,"2022-04-13 10:22:45",1989972
-6290,5046,-1330,"2022-04-13 10:22:45",1990965
-6301,5059,-1348,"2022-04-13 10:22:45",1991958
-6304,5045,-1386,"2022-04-13 10:22:45",1992951
-6312,5030,-1394,"2022-04-13 10:22:45",1993944
-6290,5059,-1369,"2022-04-13 10:22:45",1994937
-6288,5064,-1354,"2022-04-13 10:22:45",1995930
-6292,5044,-1352,"2022-04-13 10:22:45",1996923
-6296,5027,-1366,"2022-04-13 10:22:45",1997916
-6298,5054,-1350,"2022-04-13 10:22:45",1998909
-6272,5043,-1312,"2022-04-13 10:22:45",1999902
-6275,5047,-1345,"2022-04-13 10:22:45",2000895
-6274,5052,-1352,"2022-04-13 10:22:45",2001888
-6320,5051,-1364,"2022-04-13 10:22:45",2002881
-6323,5046,-1367,"2022-04-13 10:22:45",2003874
-6304,5044,-1366,"2022-04-13 10:22:45",2004867
-6300,5062,-1362,"2022-04-13 10:22:45",2005860
-6314,5054,-1356,"2022-04-13 10:22:45",2006853
-6284,5042,-1366,"2022-04-13 10:22:45",2007846
-6286,5034,-1384,"2022-04-13 10:22:45",2008839
-6291,5061,-1369,"2022-04-13 10:22:45",2009832
-6308,5061,-1375,"2022-04-13 10:22:45",2010825
-6287,5026,-1360,"2022-04-13 10:22:45",2011818
-6272,5038,-1356,"2022-04-13 10:22:45",2012811
-6308,5054,-1366,"2022-04-13 10:22:45",2013804
-6310,5037,-1360,"2022-04-13 10:22:45",2014797
-6294,5053,-1350,"2022-04-13 10:22:45",2015790
-6290,5037,-1372,"2022-04-13 10:22:45",2016783
-6271,5028,-1373,"2022-04-13 10:22:45",2017776
-6281,5034,-1362,"2022-04-13 10:22:45",2018769
-6281,5054,-1360,"2022-04-13 10:22:45",2019762
-6285,5046,-1350,"2022-04-13 10:22:45",2020755
-6289,5036,-1371,"2022-04-13 10:22:45",2021748
-6288,5050,-1386,"2022-04-13 10:22:45",2022741
-6304,5044,-1370,"2022-04-13 10:22:45",2023734
-6321,5015,-1359,"2022-04-13 10:22:45",2024727
-6310,5022,-1344,"2022-04-13 10:22:45",2025720
-6297,5042,-1322,"2022-04-13 10:22:45",2026713
-6303,5056,-1357,"2022-04-13 10:22:45",2027706
-6301,5050,-1359,"2022-04-13 10:22:45",2028699
-6288,5043,-1341,"2022-04-13 10:22:45",2029692
-6280,5054,-1359,"2022-04-13 10:22:45",2030685
-6288,5064,-1350,"2022-04-13 10:22:45",2031678
-6318,5042,-1365,"2022-04-13 10:22:45",2032671
